key, propensity, propensity^2, count, pos, neg
?DC, 0      , 0      ,        1,        0,        1
A?D, 0      , 0      ,        1,        0,        1
AAA, 0.06557, 0.0043 ,      122,        8,      114
AAC, 0.03226, 0.00104,       31,        1,       30
AAD, 0.03226, 0.00104,      155,        5,      150
AAE, 0.01047, 0.00011,      191,        2,      189
AAF, 0.09091, 0.00826,       88,        8,       80
AAG, 0.04636, 0.00215,      151,        7,      144
AAH, 0.09804, 0.00961,       51,        5,       46
AAI, 0.01379, 0.00019,      145,        2,      143
AAK, 0.05674, 0.00322,      141,        8,      133
AAL, 0.02358, 0.00056,      212,        5,      207
AAM, 0.06122, 0.00375,       49,        3,       46
AAN, 0.02174, 0.00047,       92,        2,       90
AAP, 0.03333, 0.00111,       90,        3,       87
AAQ, 0.07692, 0.00592,      117,        9,      108
AAR, 0.03226, 0.00104,      124,        4,      120
AAS, 0.04516, 0.00204,      155,        7,      148
AAT, 0.06452, 0.00416,      124,        8,      116
AAV, 0.06557, 0.0043 ,      183,       12,      171
AAW, 0.03333, 0.00111,       30,        1,       29
AAY, 0.04054, 0.00164,       74,        3,       71
AA_, 0      , 0      ,       14,        0,       14
ACA, 0      , 0      ,       12,        0,       12
ACC, 0      , 0      ,        6,        0,        6
ACD, 0.04   , 0.0016 ,       25,        1,       24
ACE, 0.09375, 0.00879,       32,        3,       29
ACF, 0.05556, 0.00309,       18,        1,       17
ACG, 0.125  , 0.01562,       24,        3,       21
ACH, 0.0625 , 0.00391,       16,        1,       15
ACI, 0.11111, 0.01235,       27,        3,       24
ACK, 0      , 0      ,       24,        0,       24
ACL, 0.025  , 0.00063,       40,        1,       39
ACM, 0.2    , 0.04   ,       10,        2,        8
ACN, 0      , 0      ,       20,        0,       20
ACP, 0.05882, 0.00346,       17,        1,       16
ACQ, 0.12   , 0.0144 ,       25,        3,       22
ACR, 0.16667, 0.02778,       18,        3,       15
ACS, 0.09677, 0.00937,       31,        3,       28
ACT, 0.04167, 0.00174,       24,        1,       23
ACV, 0.14815, 0.02195,       27,        4,       23
ACW, 0.09091, 0.00826,       11,        1,       10
ACY, 0      , 0      ,       16,        0,       16
AC_, 0      , 0      ,        2,        0,        2
ADA, 0      , 0      ,       59,        0,       59
ADC, 0.05882, 0.00346,       34,        2,       32
ADD, 0.06061, 0.00367,       99,        6,       93
ADE, 0.03101, 0.00096,      129,        4,      125
ADF, 0.04211, 0.00177,       95,        4,       91
ADG, 0.0625 , 0.00391,      144,        9,      135
ADH, 0.06897, 0.00476,       29,        2,       27
ADI, 0.03145, 0.00099,      159,        5,      154
ADK, 0.05303, 0.00281,      132,        7,      125
ADL, 0.0625 , 0.00391,      208,       13,      195
ADM, 0.04167, 0.00174,       48,        2,       46
ADN, 0.11429, 0.01306,       70,        8,       62
ADP, 0.03093, 0.00096,       97,        3,       94
ADQ, 0.03797, 0.00144,       79,        3,       76
ADR, 0.00877, 0.00008,      114,        1,      113
ADS, 0.05   , 0.0025 ,      120,        6,      114
ADT, 0.06542, 0.00428,      107,        7,      100
ADV, 0.06667, 0.00444,      180,       12,      168
ADW, 0      , 0      ,       27,        0,       27
ADY, 0.06186, 0.00383,       97,        6,       91
AD_, 0      , 0      ,        6,        0,        6
AEA, 0.03876, 0.0015 ,      129,        5,      124
AEC, 0.03846, 0.00148,       26,        1,       25
AED, 0.07947, 0.00632,      151,       12,      139
AEE, 0.06278, 0.00394,      223,       14,      209
AEF, 0.14545, 0.02116,      110,       16,       94
AEG, 0.04138, 0.00171,      145,        6,      139
AEH, 0.21951, 0.04819,       41,        9,       32
AEI, 0.06667, 0.00444,      150,       10,      140
AEK, 0.02439, 0.00059,      205,        5,      200
AEL, 0.04693, 0.0022 ,      277,       13,      264
AEM, 0.05769, 0.00333,       52,        3,       49
AEN, 0.03333, 0.00111,      120,        4,      116
AEP, 0.04545, 0.00207,      110,        5,      105
AEQ, 0.03252, 0.00106,      123,        4,      119
AER, 0.02857, 0.00082,      140,        4,      136
AES, 0.03774, 0.00142,      106,        4,      102
AET, 0.01754, 0.00031,      114,        2,      112
AEV, 0.02094, 0.00044,      191,        4,      187
AEW, 0.02632, 0.00069,       38,        1,       37
AEY, 0.04545, 0.00207,       88,        4,       84
AE_, 0.09091, 0.00826,       11,        1,       10
AFA, 0.09524, 0.00907,       42,        4,       38
AFC, 0.13043, 0.01701,       23,        3,       20
AFD, 0.12791, 0.01636,       86,       11,       75
AFE, 0.19048, 0.03628,       63,       12,       51
AFF, 0.04444, 0.00198,       45,        2,       43
AFG, 0.06098, 0.00372,       82,        5,       77
AFH, 0.13043, 0.01701,       23,        3,       20
AFI, 0.12069, 0.01457,       58,        7,       51
AFK, 0.17722, 0.03141,       79,       14,       65
AFL, 0.14141, 0.02   ,       99,       14,       85
AFM, 0.1    , 0.01   ,       20,        2,       18
AFN, 0.05172, 0.00268,       58,        3,       55
AFP, 0.18367, 0.03374,       49,        9,       40
AFQ, 0.13333, 0.01778,       45,        6,       39
AFR, 0.03922, 0.00154,       51,        2,       49
AFS, 0.08247, 0.0068 ,       97,        8,       89
AFT, 0.15094, 0.02278,       53,        8,       45
AFV, 0.08219, 0.00676,       73,        6,       67
AFW, 0.08333, 0.00694,       12,        1,       11
AFY, 0.0625 , 0.00391,       32,        2,       30
AF_, 0      , 0      ,        4,        0,        4
AGA, 0.08696, 0.00756,       69,        6,       63
AGC, 0.05405, 0.00292,       37,        2,       35
AGD, 0.01667, 0.00028,      120,        2,      118
AGE, 0.03077, 0.00095,      130,        4,      126
AGF, 0.04688, 0.0022 ,       64,        3,       61
AGG, 0.05696, 0.00324,      158,        9,      149
AGH, 0.10638, 0.01132,       47,        5,       42
AGI, 0.07547, 0.0057 ,      106,        8,       98
AGK, 0.03125, 0.00098,      128,        4,      124
AGL, 0.03727, 0.00139,      161,        6,      155
AGM, 0      , 0      ,       28,        0,       28
AGN, 0.06757, 0.00457,       74,        5,       69
AGP, 0.02597, 0.00067,       77,        2,       75
AGQ, 0.06818, 0.00465,       88,        6,       82
AGR, 0.06818, 0.00465,       88,        6,       82
AGS, 0.0493 , 0.00243,      142,        7,      135
AGT, 0.08411, 0.00707,      107,        9,       98
AGV, 0.02419, 0.00059,      124,        3,      121
AGW, 0.1    , 0.01   ,       40,        4,       36
AGY, 0.07229, 0.00523,       83,        6,       77
AG_, 0      , 0      ,       22,        0,       22
AHA, 0.15385, 0.02367,       26,        4,       22
AHC, 0.30435, 0.09263,       23,        7,       16
AHD, 0.15385, 0.02367,       39,        6,       33
AHE, 0.17778, 0.0316 ,       45,        8,       37
AHF, 0.09375, 0.00879,       32,        3,       29
AHG, 0.18519, 0.03429,       54,       10,       44
AHH, 0.13333, 0.01778,       15,        2,       13
AHI, 0.11364, 0.01291,       44,        5,       39
AHK, 0.13889, 0.01929,       36,        5,       31
AHL, 0.07246, 0.00525,       69,        5,       64
AHM, 0.2    , 0.04   ,       20,        4,       16
AHN, 0.03704, 0.00137,       27,        1,       26
AHP, 0.09375, 0.00879,       32,        3,       29
AHQ, 0.10256, 0.01052,       39,        4,       35
AHR, 0.02381, 0.00057,       42,        1,       41
AHS, 0.09091, 0.00826,       44,        4,       40
AHT, 0.17073, 0.02915,       41,        7,       34
AHV, 0.11905, 0.01417,       42,        5,       37
AHW, 0.22222, 0.04938,        9,        2,        7
AHY, 0.09091, 0.00826,       33,        3,       30
AH_, 0      , 0      ,        2,        0,        2
AIA, 0.06329, 0.00401,       79,        5,       74
AIC, 0.08333, 0.00694,       24,        2,       22
AID, 0.06422, 0.00412,      109,        7,      102
AIE, 0.05085, 0.00259,      118,        6,      112
AIF, 0.03704, 0.00137,       54,        2,       52
AIG, 0.03947, 0.00156,       76,        3,       73
AIH, 0.10256, 0.01052,       39,        4,       35
AII, 0.06154, 0.00379,       65,        4,       61
AIK, 0.05607, 0.00314,      107,        6,      101
AIL, 0.10526, 0.01108,      133,       14,      119
AIM, 0.13158, 0.01731,       38,        5,       33
AIN, 0.08571, 0.00735,       70,        6,       64
AIP, 0.04839, 0.00234,       62,        3,       59
AIQ, 0.04   , 0.0016 ,       50,        2,       48
AIR, 0.12245, 0.01499,       98,       12,       86
AIS, 0.07865, 0.00619,       89,        7,       82
AIT, 0.13861, 0.01921,      101,       14,       87
AIV, 0.06522, 0.00425,       92,        6,       86
AIW, 0      , 0      ,       15,        0,       15
AIY, 0.11111, 0.01235,       54,        6,       48
AI_, 0      , 0      ,        3,        0,        3
AKA, 0.04854, 0.00236,      103,        5,       98
AKC, 0.08571, 0.00735,       35,        3,       32
AKD, 0.03704, 0.00137,      135,        5,      130
AKE, 0.03867, 0.0015 ,      181,        7,      174
AKF, 0.0875 , 0.00766,       80,        7,       73
AKG, 0.04255, 0.00181,      141,        6,      135
AKH, 0.11364, 0.01291,       44,        5,       39
AKI, 0.0963 , 0.00927,      135,       13,      122
AKK, 0.07742, 0.00599,      155,       12,      143
AKL, 0.06897, 0.00476,      261,       18,      243
AKM, 0.02899, 0.00084,       69,        2,       67
AKN, 0.03922, 0.00154,      102,        4,       98
AKP, 0      , 0      ,       74,        0,       74
AKQ, 0.0495 , 0.00245,      101,        5,       96
AKR, 0.05102, 0.0026 ,       98,        5,       93
AKS, 0.05882, 0.00346,      119,        7,      112
AKT, 0.06202, 0.00385,      129,        8,      121
AKV, 0.06897, 0.00476,      145,       10,      135
AKW, 0.14286, 0.02041,       28,        4,       24
AKY, 0.07778, 0.00605,       90,        7,       83
AK_, 0.07692, 0.00592,       13,        1,       12
ALA, 0.06034, 0.00364,      116,        7,      109
ALC, 0.08696, 0.00756,       46,        4,       42
ALD, 0.07879, 0.00621,      165,       13,      152
ALE, 0.05021, 0.00252,      239,       12,      227
ALF, 0.08421, 0.00709,       95,        8,       87
ALG, 0.05348, 0.00286,      187,       10,      177
ALH, 0.07937, 0.0063 ,       63,        5,       58
ALI, 0.06767, 0.00458,      133,        9,      124
ALK, 0.08543, 0.0073 ,      199,       17,      182
ALL, 0.04669, 0.00218,      257,       12,      245
ALM, 0.0303 , 0.00092,       66,        2,       64
ALN, 0.08333, 0.00694,      108,        9,       99
ALP, 0.03101, 0.00096,      129,        4,      125
ALQ, 0.05691, 0.00324,      123,        7,      116
ALR, 0.04891, 0.00239,      184,        9,      175
ALS, 0.07389, 0.00546,      203,       15,      188
ALT, 0.05147, 0.00265,      136,        7,      129
ALV, 0.09639, 0.00929,      166,       16,      150
ALW, 0.05882, 0.00346,       34,        2,       32
ALY, 0.06186, 0.00383,       97,        6,       91
AL_, 0      , 0      ,       14,        0,       14
AMA, 0.06452, 0.00416,       31,        2,       29
AMC, 0.18182, 0.03306,       11,        2,        9
AMD, 0.04082, 0.00167,       49,        2,       47
AME, 0.09091, 0.00826,       55,        5,       50
AMF, 0      , 0      ,       26,        0,       26
AMG, 0.17857, 0.03189,       56,       10,       46
AMH, 0.06667, 0.00444,       30,        2,       28
AMI, 0.12821, 0.01644,       39,        5,       34
AMK, 0      , 0      ,       52,        0,       52
AML, 0.1    , 0.01   ,       70,        7,       63
AMM, 0.1    , 0.01   ,       20,        2,       18
AMN, 0.03571, 0.00128,       28,        1,       27
AMP, 0.09524, 0.00907,       21,        2,       19
AMQ, 0.13793, 0.01902,       29,        4,       25
AMR, 0.07143, 0.0051 ,       28,        2,       26
AMS, 0.13333, 0.01778,       45,        6,       39
AMT, 0.03333, 0.00111,       30,        1,       29
AMV, 0.08333, 0.00694,       48,        4,       44
AMW, 0      , 0      ,        9,        0,        9
AMY, 0.10526, 0.01108,       19,        2,       17
AM_, 0      , 0      ,       15,        0,       15
ANA, 0.01724, 0.0003 ,       58,        1,       57
ANC, 0.1    , 0.01   ,       20,        2,       18
AND, 0.08451, 0.00714,       71,        6,       65
ANE, 0.02381, 0.00057,       84,        2,       82
ANF, 0.05128, 0.00263,       78,        4,       74
ANG, 0.1    , 0.01   ,      120,       12,      108
ANH, 0.09677, 0.00937,       31,        3,       28
ANI, 0.07273, 0.00529,      110,        8,      102
ANK, 0.05435, 0.00295,       92,        5,       87
ANL, 0.07801, 0.00609,      141,       11,      130
ANM, 0.06897, 0.00476,       29,        2,       27
ANN, 0.04054, 0.00164,       74,        3,       71
ANP, 0.0375 , 0.00141,       80,        3,       77
ANQ, 0.06667, 0.00444,       60,        4,       56
ANR, 0.01389, 0.00019,       72,        1,       71
ANS, 0.10526, 0.01108,       76,        8,       68
ANT, 0.09836, 0.00967,       61,        6,       55
ANV, 0.0814 , 0.00663,       86,        7,       79
ANW, 0.0625 , 0.00391,       16,        1,       15
ANY, 0.14815, 0.02195,       54,        8,       46
AN_, 0      , 0      ,        8,        0,        8
APA, 0      , 0      ,       43,        0,       43
APC, 0      , 0      ,       23,        0,       23
APD, 0.04464, 0.00199,      112,        5,      107
APE, 0.00962, 0.00009,      104,        1,      103
APF, 0.12121, 0.01469,       33,        4,       29
APG, 0.06087, 0.00371,      115,        7,      108
APH, 0      , 0      ,       37,        0,       37
API, 0.08   , 0.0064 ,      100,        8,       92
APK, 0.05797, 0.00336,       69,        4,       65
APL, 0.02013, 0.00041,      149,        3,      146
APM, 0.08   , 0.0064 ,       25,        2,       23
APN, 0.03125, 0.00098,       64,        2,       62
APP, 0.04878, 0.00238,       82,        4,       78
APQ, 0.02083, 0.00043,       48,        1,       47
APR, 0.09836, 0.00967,       61,        6,       55
APS, 0.02885, 0.00083,      104,        3,      101
APT, 0.01031, 0.00011,       97,        1,       96
APV, 0.03922, 0.00154,      102,        4,       98
APW, 0.05882, 0.00346,       17,        1,       16
APY, 0.04651, 0.00216,       43,        2,       41
AP_, 0      , 0      ,       11,        0,       11
AQA, 0.08861, 0.00785,       79,        7,       72
AQC, 0.18182, 0.03306,       33,        6,       27
AQD, 0.08219, 0.00676,       73,        6,       67
AQE, 0.03636, 0.00132,      110,        4,      106
AQF, 0.08475, 0.00718,       59,        5,       54
AQG, 0.03636, 0.00132,      110,        4,      106
AQH, 0.06   , 0.0036 ,       50,        3,       47
AQI, 0.14   , 0.0196 ,      100,       14,       86
AQK, 0.04124, 0.0017 ,       97,        4,       93
AQL, 0.0303 , 0.00092,      165,        5,      160
AQM, 0.15909, 0.02531,       44,        7,       37
AQN, 0.03226, 0.00104,       62,        2,       60
AQP, 0.03922, 0.00154,       51,        2,       49
AQQ, 0.07767, 0.00603,      103,        8,       95
AQR, 0.06061, 0.00367,       99,        6,       93
AQS, 0.05263, 0.00277,       76,        4,       72
AQT, 0.07865, 0.00619,       89,        7,       82
AQV, 0.10204, 0.01041,       98,       10,       88
AQW, 0.10714, 0.01148,       28,        3,       25
AQY, 0.01724, 0.0003 ,       58,        1,       57
AQ_, 0      , 0      ,        3,        0,        3
ARA, 0.05333, 0.00284,       75,        4,       71
ARC, 0.03571, 0.00128,       28,        1,       27
ARD, 0.10909, 0.0119 ,      110,       12,       98
ARE, 0.07692, 0.00592,      143,       11,      132
ARF, 0.06849, 0.00469,       73,        5,       68
ARG, 0.12613, 0.01591,      111,       14,       97
ARH, 0.05714, 0.00327,       35,        2,       33
ARI, 0.1215 , 0.01476,      107,       13,       94
ARK, 0.07447, 0.00555,       94,        7,       87
ARL, 0.07143, 0.0051 ,      196,       14,      182
ARM, 0.125  , 0.01562,       32,        4,       28
ARN, 0.07895, 0.00623,       76,        6,       70
ARP, 0.11594, 0.01344,       69,        8,       61
ARQ, 0.08537, 0.00729,       82,        7,       75
ARR, 0.04918, 0.00242,      122,        6,      116
ARS, 0.0404 , 0.00163,       99,        4,       95
ART, 0.07368, 0.00543,       95,        7,       88
ARV, 0.04487, 0.00201,      156,        7,      149
ARW, 0.13043, 0.01701,       23,        3,       20
ARY, 0.05714, 0.00327,       70,        4,       66
AR_, 0      , 0      ,        4,        0,        4
ASA, 0.07692, 0.00592,       78,        6,       72
ASC, 0.12121, 0.01469,       33,        4,       29
ASD, 0.01031, 0.00011,       97,        1,       96
ASE, 0.0625 , 0.00391,      112,        7,      105
ASF, 0.07447, 0.00555,       94,        7,       87
ASG, 0.04795, 0.0023 ,      146,        7,      139
ASH, 0.08889, 0.0079 ,       45,        4,       41
ASI, 0.04098, 0.00168,      122,        5,      117
ASK, 0.01681, 0.00028,      119,        2,      117
ASL, 0.07921, 0.00627,      202,       16,      186
ASM, 0.03333, 0.00111,       60,        2,       58
ASN, 0.05263, 0.00277,       76,        4,       72
ASP, 0.02752, 0.00076,      109,        3,      106
ASQ, 0.06667, 0.00444,       75,        5,       70
ASR, 0.07292, 0.00532,       96,        7,       89
ASS, 0.05769, 0.00333,      156,        9,      147
AST, 0.06931, 0.0048 ,      101,        7,       94
ASV, 0.06135, 0.00376,      163,       10,      153
ASW, 0.03333, 0.00111,       30,        1,       29
ASY, 0.06098, 0.00372,       82,        5,       77
AS_, 0      , 0      ,       18,        0,       18
ATA, 0.08434, 0.00711,       83,        7,       76
ATC, 0.025  , 0.00063,       40,        1,       39
ATD, 0.05714, 0.00327,      105,        6,       99
ATE, 0.04762, 0.00227,      105,        5,      100
ATF, 0.07937, 0.0063 ,       63,        5,       58
ATG, 0.05224, 0.00273,      134,        7,      127
ATH, 0.05405, 0.00292,       37,        2,       35
ATI, 0.00909, 0.00008,      110,        1,      109
ATK, 0.09859, 0.00972,       71,        7,       64
ATL, 0.06667, 0.00444,      195,       13,      182
ATM, 0.02941, 0.00087,       34,        1,       33
ATN, 0.07143, 0.0051 ,       84,        6,       78
ATP, 0.04545, 0.00207,       66,        3,       63
ATQ, 0.05195, 0.0027 ,       77,        4,       73
ATR, 0.03371, 0.00114,       89,        3,       86
ATS, 0.06098, 0.00372,       82,        5,       77
ATT, 0.06173, 0.00381,       81,        5,       76
ATV, 0.02222, 0.00049,      135,        3,      132
ATW, 0      , 0      ,       18,        0,       18
ATY, 0.04412, 0.00195,       68,        3,       65
AT_, 0      , 0      ,        4,        0,        4
AVA, 0.0375 , 0.00141,       80,        3,       77
AVC, 0.02381, 0.00057,       42,        1,       41
AVD, 0.04237, 0.0018 ,      118,        5,      113
AVE, 0.10884, 0.01185,      147,       16,      131
AVF, 0.05882, 0.00346,       68,        4,       64
AVG, 0.0625 , 0.00391,      128,        8,      120
AVH, 0.13953, 0.01947,       43,        6,       37
AVI, 0.08491, 0.00721,      106,        9,       97
AVK, 0.07273, 0.00529,      110,        8,      102
AVL, 0.08187, 0.0067 ,      171,       14,      157
AVM, 0.05263, 0.00277,       38,        2,       36
AVN, 0.05319, 0.00283,       94,        5,       89
AVP, 0.11628, 0.01352,       86,       10,       76
AVQ, 0.03371, 0.00114,       89,        3,       86
AVR, 0.07965, 0.00634,      113,        9,      104
AVS, 0.0885 , 0.00783,      113,       10,      103
AVT, 0.10714, 0.01148,      112,       12,      100
AVV, 0.04274, 0.00183,      117,        5,      112
AVW, 0.12   , 0.0144 ,       25,        3,       22
AVY, 0.07463, 0.00557,       67,        5,       62
AV_, 0      , 0      ,        6,        0,        6
AWA, 0.11111, 0.01235,        9,        1,        8
AWC, 0.4    , 0.16   ,       10,        4,        6
AWD, 0.04348, 0.00189,       23,        1,       22
AWE, 0.0625 , 0.00391,       16,        1,       15
AWF, 0.16667, 0.02778,       18,        3,       15
AWG, 0.23529, 0.05536,       17,        4,       13
AWH, 0.15385, 0.02367,       13,        2,       11
AWI, 0.05882, 0.00346,       17,        1,       16
AWK, 0.17857, 0.03189,       28,        5,       23
AWL, 0.05714, 0.00327,       35,        2,       33
AWM, 0.21429, 0.04592,       14,        3,       11
AWN, 0.15   , 0.0225 ,       20,        3,       17
AWP, 0.0625 , 0.00391,       32,        2,       30
AWQ, 0      , 0      ,       19,        0,       19
AWR, 0.15385, 0.02367,       26,        4,       22
AWS, 0.06667, 0.00444,       30,        2,       28
AWT, 0.18182, 0.03306,       22,        4,       18
AWV, 0.26667, 0.07111,       15,        4,       11
AWW, 0.2    , 0.04   ,        5,        1,        4
AWY, 0.07143, 0.0051 ,       14,        1,       13
AW_, 0.33333, 0.11111,        3,        1,        2
AYA, 0.04348, 0.00189,       46,        2,       44
AYC, 0.12   , 0.0144 ,       25,        3,       22
AYD, 0.04412, 0.00195,       68,        3,       65
AYE, 0.11905, 0.01417,       84,       10,       74
AYF, 0.11765, 0.01384,       51,        6,       45
AYG, 0.07692, 0.00592,       91,        7,       84
AYH, 0.04167, 0.00174,       24,        1,       23
AYI, 0.05714, 0.00327,       70,        4,       66
AYK, 0.1    , 0.01   ,       60,        6,       54
AYL, 0.15306, 0.02343,       98,       15,       83
AYM, 0.06667, 0.00444,       15,        1,       14
AYN, 0.10811, 0.01169,       37,        4,       33
AYP, 0.10811, 0.01169,       37,        4,       33
AYQ, 0.14   , 0.0196 ,       50,        7,       43
AYR, 0.08929, 0.00797,       56,        5,       51
AYS, 0.12   , 0.0144 ,       75,        9,       66
AYT, 0.22368, 0.05003,       76,       17,       59
AYV, 0.09091, 0.00826,       88,        8,       80
AYW, 0.11765, 0.01384,       17,        2,       15
AYY, 0.2093 , 0.04381,       43,        9,       34
AY_, 0      , 0      ,        5,        0,        5
CAC, 0      , 0      ,        6,        0,        6
CAD, 0.14286, 0.02041,       35,        5,       30
CAE, 0.1    , 0.01   ,       20,        2,       18
CAF, 0.25   , 0.0625 ,       20,        5,       15
CAG, 0.10714, 0.01148,       28,        3,       25
CAH, 0      , 0      ,       10,        0,       10
CAI, 0.1    , 0.01   ,       20,        2,       18
CAK, 0      , 0      ,       20,        0,       20
CAL, 0      , 0      ,       34,        0,       34
CAM, 0.2    , 0.04   ,        5,        1,        4
CAN, 0.04545, 0.00207,       22,        1,       21
CAP, 0.03448, 0.00119,       29,        1,       28
CAQ, 0      , 0      ,       26,        0,       26
CAR, 0.05263, 0.00277,       19,        1,       18
CAS, 0.0303 , 0.00092,       33,        1,       32
CAT, 0      , 0      ,       24,        0,       24
CAV, 0.05556, 0.00309,       36,        2,       34
CAW, 0      , 0      ,        6,        0,        6
CAY, 0.1875 , 0.03516,       16,        3,       13
CA_, 0      , 0      ,        1,        0,        1
CCC, 0      , 0      ,        1,        0,        1
CCD, 0.11111, 0.01235,       18,        2,       16
CCE, 0      , 0      ,       10,        0,       10
CCF, 0.2    , 0.04   ,       10,        2,        8
CCG, 0.07692, 0.00592,       13,        1,       12
CCH, 0.14286, 0.02041,        7,        1,        6
CCI, 0.6    , 0.36   ,       10,        6,        4
CCK, 0      , 0      ,        8,        0,        8
CCL, 0.09524, 0.00907,       21,        2,       19
CCM, 0      , 0      ,        2,        0,        2
CCN, 0      , 0      ,        9,        0,        9
CCP, 0.14286, 0.02041,        7,        1,        6
CCQ, 0.5    , 0.25   ,        4,        2,        2
CCR, 0      , 0      ,        9,        0,        9
CCS, 0.11111, 0.01235,       18,        2,       16
CCT, 0      , 0      ,        9,        0,        9
CCV, 0      , 0      ,        3,        0,        3
CCW, 0      , 0      ,        1,        0,        1
CCY, 0      , 0      ,        8,        0,        8
CC_, 0      , 0      ,        1,        0,        1
CDC, 0.2    , 0.04   ,       10,        2,        8
CDD, 0.05882, 0.00346,       34,        2,       32
CDE, 0.13158, 0.01731,       38,        5,       33
CDF, 0.12121, 0.01469,       33,        4,       29
CDG, 0.14815, 0.02195,       27,        4,       23
CDH, 0.16667, 0.02778,       12,        2,       10
CDI, 0.04   , 0.0016 ,       25,        1,       24
CDK, 0.11111, 0.01235,       36,        4,       32
CDL, 0.11538, 0.01331,       52,        6,       46
CDM, 0.16667, 0.02778,       12,        2,       10
CDN, 0.05263, 0.00277,       19,        1,       18
CDP, 0      , 0      ,       27,        0,       27
CDQ, 0      , 0      ,       13,        0,       13
CDR, 0.18182, 0.03306,       22,        4,       18
CDS, 0.11429, 0.01306,       35,        4,       31
CDT, 0.04   , 0.0016 ,       25,        1,       24
CDV, 0.0303 , 0.00092,       33,        1,       32
CDW, 0      , 0      ,        8,        0,        8
CDY, 0.15789, 0.02493,       19,        3,       16
CD_, 0      , 0      ,        2,        0,        2
CEC, 0      , 0      ,       10,        0,       10
CED, 0.06977, 0.00487,       43,        3,       40
CEE, 0.08929, 0.00797,       56,        5,       51
CEF, 0.04762, 0.00227,       21,        1,       20
CEG, 0.04545, 0.00207,       44,        2,       42
CEH, 0.1875 , 0.03516,       16,        3,       13
CEI, 0.14634, 0.02142,       41,        6,       35
CEK, 0.05   , 0.0025 ,       40,        2,       38
CEL, 0.09434, 0.0089 ,       53,        5,       48
CEM, 0.07143, 0.0051 ,       14,        1,       13
CEN, 0      , 0      ,       27,        0,       27
CEP, 0.0303 , 0.00092,       33,        1,       32
CEQ, 0.04348, 0.00189,       23,        1,       22
CER, 0.09375, 0.00879,       32,        3,       29
CES, 0.15152, 0.02296,       33,        5,       28
CET, 0.03846, 0.00148,       26,        1,       25
CEV, 0.02857, 0.00082,       35,        1,       34
CEW, 0.2    , 0.04   ,        5,        1,        4
CEY, 0      , 0      ,       27,        0,       27
CFC, 0      , 0      ,        3,        0,        3
CFD, 0.2    , 0.04   ,       20,        4,       16
CFE, 0.06667, 0.00444,       15,        1,       14
CFF, 0.07143, 0.0051 ,       14,        1,       13
CFG, 0.18519, 0.03429,       27,        5,       22
CFH, 0.11111, 0.01235,        9,        1,        8
CFI, 0      , 0      ,        9,        0,        9
CFK, 0.1875 , 0.03516,       16,        3,       13
CFL, 0.23077, 0.05325,       26,        6,       20
CFM, 0.15385, 0.02367,       13,        2,       11
CFN, 0.21429, 0.04592,       14,        3,       11
CFP, 0      , 0      ,        8,        0,        8
CFQ, 0.1875 , 0.03516,       16,        3,       13
CFR, 0.2    , 0.04   ,       15,        3,       12
CFS, 0.10345, 0.0107 ,       29,        3,       26
CFT, 0.27778, 0.07716,       18,        5,       13
CFV, 0.04545, 0.00207,       22,        1,       21
CFW, 0.1    , 0.01   ,       10,        1,        9
CFY, 0.19048, 0.03628,       21,        4,       17
CF_, 0      , 0      ,        1,        0,        1
CGC, 0      , 0      ,        6,        0,        6
CGD, 0.02778, 0.00077,       36,        1,       35
CGE, 0.17391, 0.03025,       46,        8,       38
CGF, 0.11111, 0.01235,        9,        1,        8
CGG, 0.07143, 0.0051 ,       42,        3,       39
CGH, 0.125  , 0.01562,       16,        2,       14
CGI, 0.29412, 0.08651,       17,        5,       12
CGK, 0.07143, 0.0051 ,       28,        2,       26
CGL, 0.03448, 0.00119,       29,        1,       28
CGM, 0      , 0      ,        6,        0,        6
CGN, 0.05263, 0.00277,       19,        1,       18
CGP, 0.04348, 0.00189,       23,        1,       22
CGQ, 0      , 0      ,       33,        0,       33
CGR, 0.09091, 0.00826,       33,        3,       30
CGS, 0.11765, 0.01384,       51,        6,       45
CGT, 0.11765, 0.01384,       34,        4,       30
CGV, 0.16667, 0.02778,       24,        4,       20
CGW, 0.2    , 0.04   ,        5,        1,        4
CGY, 0      , 0      ,       13,        0,       13
CG_, 0.25   , 0.0625 ,        4,        1,        3
CHD, 0      , 0      ,       11,        0,       11
CHE, 0.21429, 0.04592,       14,        3,       11
CHF, 0.1    , 0.01   ,       10,        1,        9
CHG, 0.15789, 0.02493,       19,        3,       16
CHH, 0      , 0      ,        7,        0,        7
CHI, 0.13333, 0.01778,       15,        2,       13
CHK, 0.07692, 0.00592,       13,        1,       12
CHL, 0.02632, 0.00069,       38,        1,       37
CHM, 0      , 0      ,        6,        0,        6
CHN, 0.08333, 0.00694,       12,        1,       11
CHP, 0.11111, 0.01235,       18,        2,       16
CHQ, 0.14286, 0.02041,        7,        1,        6
CHR, 0      , 0      ,       12,        0,       12
CHS, 0.09091, 0.00826,       22,        2,       20
CHT, 0      , 0      ,        9,        0,        9
CHV, 0.06667, 0.00444,       15,        1,       14
CHW, 0.33333, 0.11111,        3,        1,        2
CHY, 0.1    , 0.01   ,       10,        1,        9
CIC, 0      , 0      ,        5,        0,        5
CID, 0      , 0      ,       22,        0,       22
CIE, 0.18182, 0.03306,       22,        4,       18
CIF, 0      , 0      ,        8,        0,        8
CIG, 0.16667, 0.02778,       24,        4,       20
CIH, 0      , 0      ,       11,        0,       11
CII, 0.11111, 0.01235,       18,        2,       16
CIK, 0.05556, 0.00309,       18,        1,       17
CIL, 0.2    , 0.04   ,       35,        7,       28
CIM, 0.18182, 0.03306,       11,        2,        9
CIN, 0.03704, 0.00137,       27,        1,       26
CIP, 0      , 0      ,       23,        0,       23
CIQ, 0.05   , 0.0025 ,       20,        1,       19
CIR, 0.08333, 0.00694,       12,        1,       11
CIS, 0.08   , 0.0064 ,       25,        2,       23
CIT, 0.14286, 0.02041,       14,        2,       12
CIV, 0.11765, 0.01384,       34,        4,       30
CIW, 0      , 0      ,        6,        0,        6
CIY, 0.11765, 0.01384,       17,        2,       15
CKC, 0.5    , 0.25   ,        2,        1,        1
CKD, 0.04255, 0.00181,       47,        2,       45
CKE, 0.06977, 0.00487,       43,        3,       40
CKF, 0.04545, 0.00207,       22,        1,       21
CKG, 0.04762, 0.00227,       42,        2,       40
CKH, 0      , 0      ,       13,        0,       13
CKI, 0.04762, 0.00227,       21,        1,       20
CKK, 0.04651, 0.00216,       43,        2,       41
CKL, 0.09302, 0.00865,       43,        4,       39
CKM, 0      , 0      ,       11,        0,       11
CKN, 0.10714, 0.01148,       28,        3,       25
CKP, 0      , 0      ,       25,        0,       25
CKQ, 0.05   , 0.0025 ,       20,        1,       19
CKR, 0.15789, 0.02493,       19,        3,       16
CKS, 0      , 0      ,       28,        0,       28
CKT, 0.03704, 0.00137,       27,        1,       26
CKV, 0.03333, 0.00111,       30,        1,       29
CKW, 0.11111, 0.01235,        9,        1,        8
CKY, 0      , 0      ,       21,        0,       21
CK_, 0      , 0      ,        4,        0,        4
CLC, 0      , 0      ,       11,        0,       11
CLD, 0.175  , 0.03062,       40,        7,       33
CLE, 0.11429, 0.01306,       35,        4,       31
CLF, 0.04545, 0.00207,       22,        1,       21
CLG, 0.17073, 0.02915,       41,        7,       34
CLH, 0.125  , 0.01562,       16,        2,       14
CLI, 0.04167, 0.00174,       24,        1,       23
CLK, 0.08108, 0.00657,       37,        3,       34
CLL, 0.1129 , 0.01275,       62,        7,       55
CLM, 0.09091, 0.00826,       11,        1,       10
CLN, 0      , 0      ,       32,        0,       32
CLP, 0.02564, 0.00066,       39,        1,       38
CLQ, 0.06452, 0.00416,       31,        2,       29
CLR, 0.15385, 0.02367,       39,        6,       33
CLS, 0.12821, 0.01644,       39,        5,       34
CLT, 0.18182, 0.03306,       33,        6,       27
CLV, 0.11429, 0.01306,       35,        4,       31
CLW, 0      , 0      ,        5,        0,        5
CLY, 0.1875 , 0.03516,       32,        6,       26
CL_, 0      , 0      ,        3,        0,        3
CMC, 0      , 0      ,        1,        0,        1
CMD, 0      , 0      ,       10,        0,       10
CME, 0      , 0      ,       16,        0,       16
CMF, 0      , 0      ,        3,        0,        3
CMG, 0.23077, 0.05325,       13,        3,       10
CMH, 0      , 0      ,        3,        0,        3
CMI, 0      , 0      ,        4,        0,        4
CMK, 0      , 0      ,       19,        0,       19
CML, 0.5    , 0.25   ,        8,        4,        4
CMM, 1      , 1      ,        1,        1,        0
CMN, 0      , 0      ,        9,        0,        9
CMP, 0      , 0      ,       10,        0,       10
CMQ, 0.3    , 0.09   ,       10,        3,        7
CMR, 0      , 0      ,        2,        0,        2
CMS, 0      , 0      ,       17,        0,       17
CMT, 0.25   , 0.0625 ,        4,        1,        3
CMV, 0.14286, 0.02041,       14,        2,       12
CMW, 0      , 0      ,        1,        0,        1
CMY, 0      , 0      ,        2,        0,        2
CM_, 0.33333, 0.11111,        3,        1,        2
CNC, 0      , 0      ,       13,        0,       13
CND, 0.03846, 0.00148,       26,        1,       25
CNE, 0.05882, 0.00346,       34,        2,       32
CNF, 0.1    , 0.01   ,       20,        2,       18
CNG, 0      , 0      ,       27,        0,       27
CNH, 0      , 0      ,        8,        0,        8
CNI, 0.05263, 0.00277,       19,        1,       18
CNK, 0.03571, 0.00128,       28,        1,       27
CNL, 0      , 0      ,       31,        0,       31
CNM, 0      , 0      ,        4,        0,        4
CNN, 0.1    , 0.01   ,       20,        2,       18
CNP, 0.03571, 0.00128,       28,        1,       27
CNQ, 0      , 0      ,       18,        0,       18
CNR, 0.04167, 0.00174,       24,        1,       23
CNS, 0.03448, 0.00119,       29,        1,       28
CNT, 0.03846, 0.00148,       26,        1,       25
CNV, 0.04167, 0.00174,       24,        1,       23
CNW, 0      , 0      ,        4,        0,        4
CNY, 0.1    , 0.01   ,       10,        1,        9
CN_, 0      , 0      ,        1,        0,        1
CPC, 0      , 0      ,        3,        0,        3
CPD, 0.07407, 0.00549,       27,        2,       25
CPE, 0.03448, 0.00119,       29,        1,       28
CPF, 0      , 0      ,       12,        0,       12
CPG, 0.03704, 0.00137,       27,        1,       26
CPH, 0      , 0      ,       12,        0,       12
CPI, 0      , 0      ,       22,        0,       22
CPK, 0      , 0      ,       35,        0,       35
CPL, 0.06061, 0.00367,       33,        2,       31
CPM, 0      , 0      ,        4,        0,        4
CPN, 0      , 0      ,       22,        0,       22
CPP, 0      , 0      ,       31,        0,       31
CPQ, 0      , 0      ,       24,        0,       24
CPR, 0.07407, 0.00549,       27,        2,       25
CPS, 0.2069 , 0.04281,       29,        6,       23
CPT, 0      , 0      ,       27,        0,       27
CPV, 0.06061, 0.00367,       33,        2,       31
CPW, 0      , 0      ,        7,        0,        7
CPY, 0.23529, 0.05536,       17,        4,       13
CP_, 0      , 0      ,        1,        0,        1
CQC, 0.33333, 0.11111,        6,        2,        4
CQD, 0.08571, 0.00735,       35,        3,       32
CQE, 0.10345, 0.0107 ,       29,        3,       26
CQF, 0.08333, 0.00694,       12,        1,       11
CQG, 0.12821, 0.01644,       39,        5,       34
CQH, 0.13333, 0.01778,       15,        2,       13
CQI, 0      , 0      ,       19,        0,       19
CQK, 0      , 0      ,       32,        0,       32
CQL, 0.03125, 0.00098,       32,        1,       31
CQM, 0.18182, 0.03306,       11,        2,        9
CQN, 0.2    , 0.04   ,       15,        3,       12
CQP, 0      , 0      ,       16,        0,       16
CQQ, 0      , 0      ,       22,        0,       22
CQR, 0.13636, 0.0186 ,       22,        3,       19
CQS, 0.10714, 0.01148,       28,        3,       25
CQT, 0.11111, 0.01235,       27,        3,       24
CQV, 0.14286, 0.02041,       28,        4,       24
CQW, 0      , 0      ,        5,        0,        5
CQY, 0      , 0      ,       24,        0,       24
CQ_, 0      , 0      ,        1,        0,        1
CRC, 0      , 0      ,        4,        0,        4
CRD, 0.04878, 0.00238,       41,        2,       39
CRE, 0.04651, 0.00216,       43,        2,       41
CRF, 0.16667, 0.02778,       18,        3,       15
CRG, 0.13953, 0.01947,       43,        6,       37
CRH, 0      , 0      ,       14,        0,       14
CRI, 0.03704, 0.00137,       27,        1,       26
CRK, 0.18519, 0.03429,       27,        5,       22
CRL, 0.04255, 0.00181,       47,        2,       45
CRM, 0.14286, 0.02041,       14,        2,       12
CRN, 0.14815, 0.02195,       27,        4,       23
CRP, 0.03125, 0.00098,       32,        1,       31
CRQ, 0      , 0      ,       23,        0,       23
CRR, 0.10811, 0.01169,       37,        4,       33
CRS, 0.08696, 0.00756,       23,        2,       21
CRT, 0.04762, 0.00227,       21,        1,       20
CRV, 0.14894, 0.02218,       47,        7,       40
CRW, 0.06667, 0.00444,       15,        1,       14
CRY, 0.05263, 0.00277,       19,        1,       18
CR_, 0      , 0      ,        5,        0,        5
CSC, 0      , 0      ,       12,        0,       12
CSD, 0.17857, 0.03189,       28,        5,       23
CSE, 0      , 0      ,       35,        0,       35
CSF, 0.1    , 0.01   ,       30,        3,       27
CSG, 0.04545, 0.00207,       44,        2,       42
CSH, 0      , 0      ,       13,        0,       13
CSI, 0.12121, 0.01469,       33,        4,       29
CSK, 0.05882, 0.00346,       34,        2,       32
CSL, 0      , 0      ,       51,        0,       51
CSM, 0      , 0      ,       10,        0,       10
CSN, 0      , 0      ,       18,        0,       18
CSP, 0.03571, 0.00128,       28,        1,       27
CSQ, 0      , 0      ,       18,        0,       18
CSR, 0.03846, 0.00148,       26,        1,       25
CSS, 0.03448, 0.00119,       58,        2,       56
CST, 0      , 0      ,       16,        0,       16
CSV, 0.04545, 0.00207,       44,        2,       42
CSW, 0.125  , 0.01562,        8,        1,        7
CSY, 0.04167, 0.00174,       24,        1,       23
CS_, 0.4    , 0.16   ,        5,        2,        3
CTC, 0      , 0      ,        8,        0,        8
CTD, 0.08824, 0.00779,       34,        3,       31
CTE, 0.08333, 0.00694,       24,        2,       22
CTF, 0      , 0      ,       20,        0,       20
CTG, 0.15385, 0.02367,       26,        4,       22
CTH, 0      , 0      ,       15,        0,       15
CTI, 0.14286, 0.02041,       14,        2,       12
CTK, 0.0625 , 0.00391,       32,        2,       30
CTL, 0.03125, 0.00098,       32,        1,       31
CTM, 0      , 0      ,       10,        0,       10
CTN, 0      , 0      ,       17,        0,       17
CTP, 0.15385, 0.02367,       26,        4,       22
CTQ, 0.0625 , 0.00391,       16,        1,       15
CTR, 0.05556, 0.00309,       18,        1,       17
CTS, 0.08   , 0.0064 ,       25,        2,       23
CTT, 0.06897, 0.00476,       29,        2,       27
CTV, 0.04651, 0.00216,       43,        2,       41
CTW, 0      , 0      ,        3,        0,        3
CTY, 0      , 0      ,       22,        0,       22
CVC, 0      , 0      ,       11,        0,       11
CVD, 0.03571, 0.00128,       28,        1,       27
CVE, 0.02857, 0.00082,       35,        1,       34
CVF, 0.17647, 0.03114,       17,        3,       14
CVG, 0.15   , 0.0225 ,       40,        6,       34
CVH, 0.1    , 0.01   ,       10,        1,        9
CVI, 0.04167, 0.00174,       24,        1,       23
CVK, 0.05556, 0.00309,       18,        1,       17
CVL, 0.14634, 0.02142,       41,        6,       35
CVM, 0.25   , 0.0625 ,        4,        1,        3
CVN, 0      , 0      ,       23,        0,       23
CVP, 0.03704, 0.00137,       27,        1,       26
CVQ, 0      , 0      ,       14,        0,       14
CVR, 0.04348, 0.00189,       23,        1,       22
CVS, 0.11538, 0.01331,       26,        3,       23
CVT, 0      , 0      ,       18,        0,       18
CVV, 0.02632, 0.00069,       38,        1,       37
CVW, 0      , 0      ,        4,        0,        4
CVY, 0.08333, 0.00694,       12,        1,       11
CV_, 0      , 0      ,        2,        0,        2
CWC, 0      , 0      ,        1,        0,        1
CWD, 0.4    , 0.16   ,        5,        2,        3
CWE, 0      , 0      ,       12,        0,       12
CWF, 0      , 0      ,        5,        0,        5
CWG, 0.11111, 0.01235,        9,        1,        8
CWH, 0      , 0      ,        1,        0,        1
CWI, 0      , 0      ,        7,        0,        7
CWK, 0      , 0      ,        1,        0,        1
CWL, 0.2    , 0.04   ,       10,        2,        8
CWM, 0      , 0      ,        2,        0,        2
CWN, 0      , 0      ,        6,        0,        6
CWP, 0.16667, 0.02778,       12,        2,       10
CWQ, 0.2    , 0.04   ,        5,        1,        4
CWR, 0.125  , 0.01562,        8,        1,        7
CWS, 0.27273, 0.07438,       11,        3,        8
CWT, 0.5    , 0.25   ,        4,        2,        2
CWV, 0.33333, 0.11111,        3,        1,        2
CWW, 0      , 0      ,        2,        0,        2
CWY, 0      , 0      ,        5,        0,        5
CYC, 0.5    , 0.25   ,        8,        4,        4
CYD, 0.17857, 0.03189,       28,        5,       23
CYE, 0.15789, 0.02493,       19,        3,       16
CYF, 0      , 0      ,        8,        0,        8
CYG, 0.16129, 0.02601,       31,        5,       26
CYH, 0      , 0      ,       10,        0,       10
CYI, 0.16667, 0.02778,       18,        3,       15
CYK, 0.09524, 0.00907,       21,        2,       19
CYL, 0.14286, 0.02041,       28,        4,       24
CYM, 0.25   , 0.0625 ,        8,        2,        6
CYN, 0.21053, 0.04432,       19,        4,       15
CYP, 0.1875 , 0.03516,       16,        3,       13
CYQ, 0.09091, 0.00826,       22,        2,       20
CYR, 0.11765, 0.01384,       17,        2,       15
CYS, 0.37037, 0.13717,       27,       10,       17
CYT, 0.17647, 0.03114,       17,        3,       14
CYV, 0.17241, 0.02973,       29,        5,       24
CYW, 0.1    , 0.01   ,       10,        1,        9
CYY, 0.09524, 0.00907,       21,        2,       19
CY_, 0      , 0      ,        2,        0,        2
DAD, 0      , 0      ,       49,        0,       49
DAE, 0.04386, 0.00192,      114,        5,      109
DAF, 0.08219, 0.00676,       73,        6,       67
DAG, 0.06306, 0.00398,      111,        7,      104
DAH, 0.05714, 0.00327,       35,        2,       33
DAI, 0.05455, 0.00298,      110,        6,      104
DAK, 0.03191, 0.00102,       94,        3,       91
DAL, 0.04598, 0.00211,      174,        8,      166
DAM, 0      , 0      ,       43,        0,       43
DAN, 0.03797, 0.00144,       79,        3,       76
DAP, 0.07317, 0.00535,       82,        6,       76
DAQ, 0.04762, 0.00227,       63,        3,       60
DAR, 0.02667, 0.00071,       75,        2,       73
DAS, 0.02804, 0.00079,      107,        3,      104
DAT, 0.0625 , 0.00391,       96,        6,       90
DAV, 0.01504, 0.00023,      133,        2,      131
DAW, 0.05882, 0.00346,       17,        1,       16
DAY, 0.03279, 0.00107,       61,        2,       59
DA_, 0      , 0      ,        9,        0,        9
DCD, 0.16667, 0.02778,       12,        2,       10
DCE, 0      , 0      ,       27,        0,       27
DCF, 0.08   , 0.0064 ,       25,        2,       23
DCG, 0.11905, 0.01417,       42,        5,       37
DCH, 0      , 0      ,        4,        0,        4
DCI, 0.07692, 0.00592,       13,        1,       12
DCK, 0.08333, 0.00694,       24,        2,       22
DCL, 0.02439, 0.00059,       41,        1,       40
DCM, 0      , 0      ,       15,        0,       15
DCN, 0.1    , 0.01   ,       10,        1,        9
DCP, 0.09091, 0.00826,       22,        2,       20
DCQ, 0.08333, 0.00694,       12,        1,       11
DCR, 0      , 0      ,       19,        0,       19
DCS, 0.03571, 0.00128,       28,        1,       27
DCT, 0.04762, 0.00227,       21,        1,       20
DCV, 0.08108, 0.00657,       37,        3,       34
DCW, 0.14286, 0.02041,        7,        1,        6
DCY, 0      , 0      ,       14,        0,       14
DC_, 0      , 0      ,        1,        0,        1
DDD, 0.16393, 0.02687,       61,       10,       51
DDE, 0.05607, 0.00314,      107,        6,      101
DDF, 0.075  , 0.00562,       80,        6,       74
DDG, 0.09649, 0.00931,      114,       11,      103
DDH, 0.11111, 0.01235,       27,        3,       24
DDI, 0.11321, 0.01282,      106,       12,       94
DDK, 0.03158, 0.001  ,       95,        3,       92
DDL, 0.02247, 0.0005 ,      178,        4,      174
DDM, 0.13514, 0.01826,       37,        5,       32
DDN, 0.07407, 0.00549,       54,        4,       50
DDP, 0.03488, 0.00122,       86,        3,       83
DDQ, 0.07273, 0.00529,       55,        4,       51
DDR, 0.06452, 0.00416,       62,        4,       58
DDS, 0.06667, 0.00444,      120,        8,      112
DDT, 0.03614, 0.00131,       83,        3,       80
DDV, 0.04545, 0.00207,      110,        5,      105
DDW, 0.04167, 0.00174,       24,        1,       23
DDY, 0.16901, 0.02857,       71,       12,       59
DD_, 0      , 0      ,        4,        0,        4
DED, 0.04082, 0.00167,       49,        2,       47
DEE, 0.02614, 0.00068,      153,        4,      149
DEF, 0.11111, 0.01235,       90,       10,       80
DEG, 0.05833, 0.0034 ,      120,        7,      113
DEH, 0.12766, 0.0163 ,       47,        6,       41
DEI, 0.07563, 0.00572,      119,        9,      110
DEK, 0.04724, 0.00223,      127,        6,      121
DEL, 0.05911, 0.00349,      203,       12,      191
DEM, 0.02041, 0.00042,       49,        1,       48
DEN, 0.08333, 0.00694,      108,        9,       99
DEP, 0.03906, 0.00153,      128,        5,      123
DEQ, 0.07042, 0.00496,       71,        5,       66
DER, 0.03333, 0.00111,       90,        3,       87
DES, 0.05833, 0.0034 ,      120,        7,      113
DET, 0.0431 , 0.00186,      116,        5,      111
DEV, 0.06842, 0.00468,      190,       13,      177
DEW, 0.13333, 0.01778,       30,        4,       26
DEY, 0.09091, 0.00826,       77,        7,       70
DE_, 0.06667, 0.00444,       15,        1,       14
DFD, 0.02564, 0.00066,       39,        1,       38
DFE, 0.07576, 0.00574,       66,        5,       61
DFF, 0.05263, 0.00277,       57,        3,       54
DFG, 0.1358 , 0.01844,       81,       11,       70
DFH, 0.15625, 0.02441,       32,        5,       27
DFI, 0.07143, 0.0051 ,       70,        5,       65
DFK, 0.07895, 0.00623,       76,        6,       70
DFL, 0.13821, 0.0191 ,      123,       17,      106
DFM, 0.12121, 0.01469,       33,        4,       29
DFN, 0.15385, 0.02367,       65,       10,       55
DFP, 0.04762, 0.00227,       63,        3,       60
DFQ, 0.1087 , 0.01181,       46,        5,       41
DFR, 0.02083, 0.00043,       48,        1,       47
DFS, 0.09524, 0.00907,       84,        8,       76
DFT, 0.07042, 0.00496,       71,        5,       66
DFV, 0.12162, 0.01479,       74,        9,       65
DFW, 0.08333, 0.00694,       24,        2,       22
DFY, 0.13514, 0.01826,       37,        5,       32
DF_, 0.25   , 0.0625 ,        4,        1,        3
DGD, 0.03226, 0.00104,       62,        2,       60
DGE, 0.05263, 0.00277,      114,        6,      108
DGF, 0.05376, 0.00289,       93,        5,       88
DGG, 0.12264, 0.01504,      106,       13,       93
DGH, 0.02326, 0.00054,       43,        1,       42
DGI, 0.01681, 0.00028,      119,        2,      117
DGK, 0.00613, 0.00004,      163,        1,      162
DGL, 0.08125, 0.0066 ,      160,       13,      147
DGM, 0.02778, 0.00077,       36,        1,       35
DGN, 0.02778, 0.00077,      108,        3,      105
DGP, 0.02752, 0.00076,      109,        3,      106
DGQ, 0.02857, 0.00082,      105,        3,      102
DGR, 0.03306, 0.00109,      121,        4,      117
DGS, 0.03614, 0.00131,      166,        6,      160
DGT, 0.01379, 0.00019,      145,        2,      143
DGV, 0.03252, 0.00106,      123,        4,      119
DGW, 0.17241, 0.02973,       29,        5,       24
DGY, 0.07229, 0.00523,       83,        6,       77
DG_, 0      , 0      ,        2,        0,        2
DHD, 0.07143, 0.0051 ,       14,        1,       13
DHE, 0.06977, 0.00487,       43,        3,       40
DHF, 0.14815, 0.02195,       27,        4,       23
DHG, 0.08824, 0.00779,       34,        3,       31
DHH, 0.07692, 0.00592,       13,        1,       12
DHI, 0.0625 , 0.00391,       32,        2,       30
DHK, 0.07407, 0.00549,       27,        2,       25
DHL, 0.01471, 0.00022,       68,        1,       67
DHM, 0.07143, 0.0051 ,       14,        1,       13
DHN, 0.24   , 0.0576 ,       25,        6,       19
DHP, 0.07692, 0.00592,       26,        2,       24
DHQ, 0.14286, 0.02041,       21,        3,       18
DHR, 0.11111, 0.01235,       27,        3,       24
DHS, 0.05263, 0.00277,       38,        2,       36
DHT, 0.23333, 0.05444,       30,        7,       23
DHV, 0.21429, 0.04592,       42,        9,       33
DHW, 0      , 0      ,       10,        0,       10
DHY, 0      , 0      ,       28,        0,       28
DH_, 0      , 0      ,        2,        0,        2
DID, 0.07843, 0.00615,       51,        4,       47
DIE, 0.09091, 0.00826,       99,        9,       90
DIF, 0.09211, 0.00848,       76,        7,       69
DIG, 0.02062, 0.00043,       97,        2,       95
DIH, 0.04444, 0.00198,       45,        2,       43
DII, 0.06522, 0.00425,       92,        6,       86
DIK, 0.07792, 0.00607,       77,        6,       71
DIL, 0.06989, 0.00488,      186,       13,      173
DIM, 0.02381, 0.00057,       42,        1,       41
DIN, 0.02151, 0.00046,       93,        2,       91
DIP, 0.10811, 0.01169,       74,        8,       66
DIQ, 0.03333, 0.00111,       60,        2,       58
DIR, 0.06667, 0.00444,       75,        5,       70
DIS, 0.06452, 0.00416,       93,        6,       87
DIT, 0.09783, 0.00957,       92,        9,       83
DIV, 0.08654, 0.00749,      104,        9,       95
DIW, 0.17647, 0.03114,       17,        3,       14
DIY, 0.08475, 0.00718,       59,        5,       54
DI_, 0      , 0      ,        1,        0,        1
DKD, 0      , 0      ,       51,        0,       51
DKE, 0.01974, 0.00039,      152,        3,      149
DKF, 0.04425, 0.00196,      113,        5,      108
DKG, 0.05469, 0.00299,      128,        7,      121
DKH, 0      , 0      ,       32,        0,       32
DKI, 0.04795, 0.0023 ,      146,        7,      139
DKK, 0.02632, 0.00069,      114,        3,      111
DKL, 0.05085, 0.00259,      236,       12,      224
DKM, 0.02381, 0.00057,       42,        1,       41
DKN, 0.0101 , 0.0001 ,       99,        1,       98
DKP, 0.02   , 0.0004 ,      100,        2,       98
DKQ, 0.06349, 0.00403,       63,        4,       59
DKR, 0.06024, 0.00363,       83,        5,       78
DKS, 0.03226, 0.00104,      124,        4,      120
DKT, 0.05   , 0.0025 ,      100,        5,       95
DKV, 0.05806, 0.00337,      155,        9,      146
DKW, 0.05405, 0.00292,       37,        2,       35
DKY, 0.03158, 0.001  ,       95,        3,       92
DK_, 0      , 0      ,        9,        0,        9
DLD, 0.05263, 0.00277,       76,        4,       72
DLE, 0.05587, 0.00312,      179,       10,      169
DLF, 0.09474, 0.00898,       95,        9,       86
DLG, 0.07634, 0.00583,      131,       10,      121
DLH, 0.08333, 0.00694,       48,        4,       44
DLI, 0.07285, 0.00531,      151,       11,      140
DLK, 0.0479 , 0.00229,      167,        8,      159
DLL, 0.06667, 0.00444,      255,       17,      238
DLM, 0.03774, 0.00142,       53,        2,       51
DLN, 0.09402, 0.00884,      117,       11,      106
DLP, 0.02326, 0.00054,      129,        3,      126
DLQ, 0.03448, 0.00119,       87,        3,       84
DLR, 0.0339 , 0.00115,      118,        4,      114
DLS, 0.03614, 0.00131,      166,        6,      160
DLT, 0.10191, 0.01039,      157,       16,      141
DLV, 0.05114, 0.00261,      176,        9,      167
DLW, 0.0303 , 0.00092,       33,        1,       32
DLY, 0.10588, 0.01121,       85,        9,       76
DL_, 0      , 0      ,       17,        0,       17
DMD, 0.05882, 0.00346,       17,        1,       16
DME, 0      , 0      ,       31,        0,       31
DMF, 0.13158, 0.01731,       38,        5,       33
DMG, 0.05714, 0.00327,       35,        2,       33
DMH, 0.05882, 0.00346,       17,        1,       16
DMI, 0.07692, 0.00592,       39,        3,       36
DMK, 0.05882, 0.00346,       34,        2,       32
DML, 0.1    , 0.01   ,       50,        5,       45
DMM, 0.05556, 0.00309,       18,        1,       17
DMN, 0.03226, 0.00104,       31,        1,       30
DMP, 0.13043, 0.01701,       23,        3,       20
DMQ, 0.12   , 0.0144 ,       25,        3,       22
DMR, 0.16   , 0.0256 ,       25,        4,       21
DMS, 0.12   , 0.0144 ,       50,        6,       44
DMT, 0.08108, 0.00657,       37,        3,       34
DMV, 0.05405, 0.00292,       37,        2,       35
DMW, 0.08333, 0.00694,       12,        1,       11
DMY, 0.21053, 0.04432,       19,        4,       15
DM_, 0      , 0      ,       14,        0,       14
DND, 0.05263, 0.00277,       38,        2,       36
DNE, 0.08889, 0.0079 ,       90,        8,       82
DNF, 0.04545, 0.00207,       66,        3,       63
DNG, 0.07143, 0.0051 ,       84,        6,       78
DNH, 0.06897, 0.00476,       29,        2,       27
DNI, 0.04494, 0.00202,       89,        4,       85
DNK, 0.04286, 0.00184,       70,        3,       67
DNL, 0.04082, 0.00167,      147,        6,      141
DNM, 0.03125, 0.00098,       32,        1,       31
DNN, 0.04082, 0.00167,       49,        2,       47
DNP, 0.02899, 0.00084,       69,        2,       67
DNQ, 0      , 0      ,       34,        0,       34
DNR, 0.03846, 0.00148,       52,        2,       50
DNS, 0.05882, 0.00346,       68,        4,       64
DNT, 0.05952, 0.00354,       84,        5,       79
DNV, 0.04   , 0.0016 ,      100,        4,       96
DNW, 0.03704, 0.00137,       27,        1,       26
DNY, 0.07692, 0.00592,       52,        4,       48
DN_, 0      , 0      ,        5,        0,        5
DPD, 0.07843, 0.00615,       51,        4,       47
DPE, 0.0099 , 0.0001 ,      101,        1,      100
DPF, 0.05634, 0.00317,       71,        4,       67
DPG, 0      , 0      ,       61,        0,       61
DPH, 0.02222, 0.00049,       45,        1,       44
DPI, 0.06024, 0.00363,       83,        5,       78
DPK, 0.02381, 0.00057,       84,        2,       82
DPL, 0.04511, 0.00204,      133,        6,      127
DPM, 0.07692, 0.00592,       26,        2,       24
DPN, 0.04132, 0.00171,      121,        5,      116
DPP, 0.02899, 0.00084,       69,        2,       67
DPQ, 0.03125, 0.00098,       64,        2,       62
DPR, 0      , 0      ,      110,        0,      110
DPS, 0.02521, 0.00064,      119,        3,      116
DPT, 0.04819, 0.00232,       83,        4,       79
DPV, 0.05435, 0.00295,       92,        5,       87
DPW, 0      , 0      ,       23,        0,       23
DPY, 0.0137 , 0.00019,       73,        1,       72
DP_, 0      , 0      ,        8,        0,        8
DQD, 0.24   , 0.0576 ,       25,        6,       19
DQE, 0.07143, 0.0051 ,       70,        5,       65
DQF, 0      , 0      ,       47,        0,       47
DQG, 0.03846, 0.00148,       78,        3,       75
DQH, 0      , 0      ,       18,        0,       18
DQI, 0.06667, 0.00444,       90,        6,       84
DQK, 0.06122, 0.00375,       49,        3,       46
DQL, 0.05333, 0.00284,      150,        8,      142
DQM, 0.07407, 0.00549,       27,        2,       25
DQN, 0.07692, 0.00592,       39,        3,       36
DQP, 0.04478, 0.002  ,       67,        3,       64
DQQ, 0.02041, 0.00042,       49,        1,       48
DQR, 0      , 0      ,       51,        0,       51
DQS, 0.01818, 0.00033,       55,        1,       54
DQT, 0.08   , 0.0064 ,       50,        4,       46
DQV, 0.07   , 0.0049 ,      100,        7,       93
DQW, 0.09091, 0.00826,       22,        2,       20
DQY, 0.02439, 0.00059,       41,        1,       40
DQ_, 0      , 0      ,        7,        0,        7
DRD, 0.02326, 0.00054,       43,        1,       42
DRE, 0.04   , 0.0016 ,      100,        4,       96
DRF, 0.02899, 0.00084,       69,        2,       67
DRG, 0.07071, 0.005  ,       99,        7,       92
DRH, 0.10204, 0.01041,       49,        5,       44
DRI, 0.07377, 0.00544,      122,        9,      113
DRK, 0.12048, 0.01452,       83,       10,       73
DRL, 0.04819, 0.00232,      166,        8,      158
DRM, 0.06452, 0.00416,       31,        2,       29
DRN, 0.13846, 0.01917,       65,        9,       56
DRP, 0.0137 , 0.00019,       73,        1,       72
DRQ, 0.02273, 0.00052,       44,        1,       43
DRR, 0.08889, 0.0079 ,       45,        4,       41
DRS, 0.09783, 0.00957,       92,        9,       83
DRT, 0.025  , 0.00063,       80,        2,       78
DRV, 0.0873 , 0.00762,      126,       11,      115
DRW, 0.21739, 0.04726,       23,        5,       18
DRY, 0.09836, 0.00967,       61,        6,       55
DR_, 0      , 0      ,        4,        0,        4
DSD, 0.01695, 0.00029,       59,        1,       58
DSE, 0.02941, 0.00087,      102,        3,       99
DSF, 0.06742, 0.00454,       89,        6,       83
DSG, 0.04196, 0.00176,      143,        6,      137
DSH, 0      , 0      ,       28,        0,       28
DSI, 0.07143, 0.0051 ,      126,        9,      117
DSK, 0.02857, 0.00082,      105,        3,      102
DSL, 0.02991, 0.00089,      234,        7,      227
DSM, 0.08571, 0.00735,       35,        3,       32
DSN, 0.01351, 0.00018,       74,        1,       73
DSP, 0.04545, 0.00207,       88,        4,       84
DSQ, 0.07576, 0.00574,       66,        5,       61
DSR, 0.04054, 0.00164,       74,        3,       71
DSS, 0.10563, 0.01116,      142,       15,      127
DST, 0.05051, 0.00255,       99,        5,       94
DSV, 0.08943, 0.008  ,      123,       11,      112
DSW, 0.06667, 0.00444,       30,        2,       28
DSY, 0.03175, 0.00101,       63,        2,       61
DS_, 0.07692, 0.00592,       13,        1,       12
DTD, 0.02273, 0.00052,       44,        1,       43
DTE, 0.04651, 0.00216,       86,        4,       82
DTF, 0.03488, 0.00122,       86,        3,       83
DTG, 0.05607, 0.00314,      107,        6,      101
DTH, 0.0625 , 0.00391,       32,        2,       30
DTI, 0.05769, 0.00333,      104,        6,       98
DTK, 0.01389, 0.00019,       72,        1,       71
DTL, 0.03763, 0.00142,      186,        7,      179
DTM, 0.05714, 0.00327,       35,        2,       33
DTN, 0.06061, 0.00367,       66,        4,       62
DTP, 0.01852, 0.00034,       54,        1,       53
DTQ, 0.04762, 0.00227,       42,        2,       40
DTR, 0      , 0      ,       52,        0,       52
DTS, 0.0625 , 0.00391,      112,        7,      105
DTT, 0.02198, 0.00048,       91,        2,       89
DTV, 0.03509, 0.00123,      114,        4,      110
DTW, 0.05   , 0.0025 ,       20,        1,       19
DTY, 0.10606, 0.01125,       66,        7,       59
DT_, 0      , 0      ,        2,        0,        2
DVD, 0.04167, 0.00174,       48,        2,       46
DVE, 0.08   , 0.0064 ,      125,       10,      115
DVF, 0.11594, 0.01344,       69,        8,       61
DVG, 0.06863, 0.00471,      102,        7,       95
DVH, 0.08889, 0.0079 ,       45,        4,       41
DVI, 0.05926, 0.00351,      135,        8,      127
DVK, 0.07843, 0.00615,      102,        8,       94
DVL, 0.0375 , 0.00141,      160,        6,      154
DVM, 0.125  , 0.01562,       32,        4,       28
DVN, 0.07143, 0.0051 ,       84,        6,       78
DVP, 0.05102, 0.0026 ,       98,        5,       93
DVQ, 0.06557, 0.0043 ,       61,        4,       57
DVR, 0.02857, 0.00082,       70,        2,       68
DVS, 0.0463 , 0.00214,      108,        5,      103
DVT, 0.08036, 0.00646,      112,        9,      103
DVV, 0.05479, 0.003  ,      146,        8,      138
DVW, 0.14286, 0.02041,       21,        3,       18
DVY, 0.05882, 0.00346,       68,        4,       64
DV_, 0      , 0      ,        7,        0,        7
DWD, 0.04545, 0.00207,       22,        1,       21
DWE, 0.17857, 0.03189,       28,        5,       23
DWF, 0.16667, 0.02778,       12,        2,       10
DWG, 0.27273, 0.07438,       22,        6,       16
DWH, 0.33333, 0.11111,        6,        2,        4
DWI, 0.11111, 0.01235,       27,        3,       24
DWK, 0.11111, 0.01235,       18,        2,       16
DWL, 0.15556, 0.0242 ,       45,        7,       38
DWM, 0      , 0      ,       10,        0,       10
DWN, 0.10714, 0.01148,       28,        3,       25
DWP, 0.125  , 0.01562,       16,        2,       14
DWQ, 0.11111, 0.01235,       18,        2,       16
DWR, 0      , 0      ,       18,        0,       18
DWS, 0.21053, 0.04432,       38,        8,       30
DWT, 0      , 0      ,       22,        0,       22
DWV, 0.11111, 0.01235,       36,        4,       32
DWW, 0.6    , 0.36   ,       10,        6,        4
DWY, 0.16667, 0.02778,       12,        2,       10
DW_, 0.5    , 0.25   ,        2,        1,        1
DYD, 0.13889, 0.01929,       36,        5,       31
DYE, 0.1236 , 0.01528,       89,       11,       78
DYF, 0.12245, 0.01499,       49,        6,       43
DYG, 0.23457, 0.05502,       81,       19,       62
DYH, 0.16216, 0.0263 ,       37,        6,       31
DYI, 0.12088, 0.01461,       91,       11,       80
DYK, 0.1129 , 0.01275,       62,        7,       55
DYL, 0.17007, 0.02892,      147,       25,      122
DYM, 0.04348, 0.00189,       23,        1,       22
DYN, 0.12281, 0.01508,       57,        7,       50
DYP, 0.20755, 0.04308,       53,       11,       42
DYQ, 0.04348, 0.00189,       46,        2,       44
DYR, 0.04545, 0.00207,       44,        2,       42
DYS, 0.10127, 0.01025,       79,        8,       71
DYT, 0.12329, 0.0152 ,       73,        9,       64
DYV, 0.06849, 0.00469,       73,        5,       68
DYW, 0.09091, 0.00826,       22,        2,       20
DYY, 0.13043, 0.01701,       46,        6,       40
DY_, 0      , 0      ,        7,        0,        7
EAE, 0.05556, 0.00309,       90,        5,       85
EAF, 0.09524, 0.00907,       63,        6,       57
EAG, 0.05882, 0.00346,      102,        6,       96
EAH, 0.03333, 0.00111,       30,        1,       29
EAI, 0.03604, 0.0013 ,      111,        4,      107
EAK, 0.05714, 0.00327,      105,        6,       99
EAL, 0.02612, 0.00068,      268,        7,      261
EAM, 0.06522, 0.00425,       46,        3,       43
EAN, 0.02041, 0.00042,       98,        2,       96
EAP, 0.03371, 0.00114,       89,        3,       86
EAQ, 0.05376, 0.00289,       93,        5,       88
EAR, 0.0566 , 0.0032 ,      106,        6,      100
EAS, 0.0303 , 0.00092,       99,        3,       96
EAT, 0.04065, 0.00165,      123,        5,      118
EAV, 0.03593, 0.00129,      167,        6,      161
EAW, 0.1    , 0.01   ,       20,        2,       18
EAY, 0.05714, 0.00327,       70,        4,       66
EA_, 0      , 0      ,       13,        0,       13
ECE, 0.11111, 0.01235,        9,        1,        8
ECF, 0      , 0      ,       19,        0,       19
ECG, 0.025  , 0.00063,       40,        1,       39
ECH, 0.125  , 0.01562,       16,        2,       14
ECI, 0.04762, 0.00227,       21,        1,       20
ECK, 0      , 0      ,       28,        0,       28
ECL, 0.0625 , 0.00391,       48,        3,       45
ECM, 0      , 0      ,       10,        0,       10
ECN, 0.11111, 0.01235,       18,        2,       16
ECP, 0      , 0      ,       19,        0,       19
ECQ, 0.04348, 0.00189,       23,        1,       22
ECR, 0.04348, 0.00189,       23,        1,       22
ECS, 0      , 0      ,       35,        0,       35
ECT, 0.05   , 0.0025 ,       20,        1,       19
ECV, 0.075  , 0.00562,       40,        3,       37
ECW, 0      , 0      ,        6,        0,        6
ECY, 0.11111, 0.01235,       18,        2,       16
EC_, 0      , 0      ,        2,        0,        2
EDE, 0.18182, 0.03306,       66,       12,       54
EDF, 0.06667, 0.00444,       90,        6,       84
EDG, 0.05389, 0.0029 ,      167,        9,      158
EDH, 0.07407, 0.00549,       54,        4,       50
EDI, 0.1    , 0.01   ,      170,       17,      153
EDK, 0.04717, 0.00222,      106,        5,      101
EDL, 0.04583, 0.0021 ,      240,       11,      229
EDM, 0.08621, 0.00743,       58,        5,       53
EDN, 0.1358 , 0.01844,       81,       11,       70
EDP, 0.09278, 0.00861,       97,        9,       88
EDQ, 0.13793, 0.01902,       58,        8,       50
EDR, 0.01163, 0.00014,       86,        1,       85
EDS, 0.0614 , 0.00377,      114,        7,      107
EDT, 0.04717, 0.00222,      106,        5,      101
EDV, 0.075  , 0.00562,      160,       12,      148
EDW, 0.04167, 0.00174,       24,        1,       23
EDY, 0.05941, 0.00353,      101,        6,       95
ED_, 0.125  , 0.01562,        8,        1,        7
EEE, 0.05785, 0.00335,      121,        7,      114
EEF, 0.04098, 0.00168,      122,        5,      117
EEG, 0.05028, 0.00253,      179,        9,      170
EEH, 0.04082, 0.00167,       49,        2,       47
EEI, 0.05473, 0.00299,      201,       11,      190
EEK, 0.0355 , 0.00126,      169,        6,      163
EEL, 0.04432, 0.00196,      361,       16,      345
EEM, 0.01333, 0.00018,       75,        1,       74
EEN, 0.05128, 0.00263,      117,        6,      111
EEP, 0.03448, 0.00119,      145,        5,      140
EEQ, 0.03774, 0.00142,      106,        4,      102
EER, 0.03425, 0.00117,      146,        5,      141
EES, 0.03289, 0.00108,      152,        5,      147
EET, 0.02548, 0.00065,      157,        4,      153
EEV, 0.04975, 0.00248,      201,       10,      191
EEW, 0.09302, 0.00865,       43,        4,       39
EEY, 0.0625 , 0.00391,      112,        7,      105
EE_, 0.06667, 0.00444,       15,        1,       14
EFE, 0.10256, 0.01052,       39,        4,       35
EFF, 0.09615, 0.00925,       52,        5,       47
EFG, 0.07937, 0.0063 ,       63,        5,       58
EFH, 0.16667, 0.02778,       18,        3,       15
EFI, 0.12903, 0.01665,       62,        8,       54
EFK, 0.1519 , 0.02307,       79,       12,       67
EFL, 0.088  , 0.00774,      125,       11,      114
EFM, 0.17391, 0.03025,       23,        4,       19
EFN, 0.13208, 0.01744,       53,        7,       46
EFP, 0.04082, 0.00167,       49,        2,       47
EFQ, 0.14   , 0.0196 ,       50,        7,       43
EFR, 0.09524, 0.00907,       63,        6,       57
EFS, 0.11224, 0.0126 ,       98,       11,       87
EFT, 0.04878, 0.00238,       82,        4,       78
EFV, 0.11828, 0.01399,       93,       11,       82
EFW, 0.10526, 0.01108,       19,        2,       17
EFY, 0.10526, 0.01108,       38,        4,       34
EF_, 0      , 0      ,        2,        0,        2
EGE, 0      , 0      ,       79,        0,       79
EGF, 0.0375 , 0.00141,       80,        3,       77
EGG, 0.05344, 0.00286,      131,        7,      124
EGH, 0.09091, 0.00826,       44,        4,       40
EGI, 0.05319, 0.00283,       94,        5,       89
EGK, 0.01852, 0.00034,      162,        3,      159
EGL, 0.03922, 0.00154,      204,        8,      196
EGM, 0.04   , 0.0016 ,       50,        2,       48
EGN, 0.03738, 0.0014 ,      107,        4,      103
EGP, 0.03738, 0.0014 ,      107,        4,      103
EGQ, 0.05435, 0.00295,       92,        5,       87
EGR, 0      , 0      ,      108,        0,      108
EGS, 0.03788, 0.00143,      132,        5,      127
EGT, 0.03448, 0.00119,      116,        4,      112
EGV, 0.03101, 0.00096,      129,        4,      125
EGW, 0.09091, 0.00826,       33,        3,       30
EGY, 0.03846, 0.00148,       78,        3,       75
EG_, 0      , 0      ,        7,        0,        7
EHE, 0      , 0      ,       14,        0,       14
EHF, 0.06897, 0.00476,       29,        2,       27
EHG, 0.04762, 0.00227,       42,        2,       40
EHH, 0.08   , 0.0064 ,       25,        2,       23
EHI, 0.06522, 0.00425,       46,        3,       43
EHK, 0.11628, 0.01352,       43,        5,       38
EHL, 0.05814, 0.00338,       86,        5,       81
EHM, 0.13636, 0.0186 ,       22,        3,       19
EHN, 0.05556, 0.00309,       36,        2,       34
EHP, 0.08511, 0.00724,       47,        4,       43
EHQ, 0.19231, 0.03698,       26,        5,       21
EHR, 0.13158, 0.01731,       38,        5,       33
EHS, 0.11765, 0.01384,       34,        4,       30
EHT, 0.22857, 0.05224,       35,        8,       27
EHV, 0.05769, 0.00333,       52,        3,       49
EHW, 0      , 0      ,        9,        0,        9
EHY, 0.08108, 0.00657,       37,        3,       34
EH_, 0      , 0      ,        4,        0,        4
EIE, 0.03636, 0.00132,       55,        2,       53
EIF, 0.10638, 0.01132,       47,        5,       42
EIG, 0.05085, 0.00259,      118,        6,      112
EIH, 0.03333, 0.00111,       30,        1,       29
EII, 0.05435, 0.00295,       92,        5,       87
EIK, 0.08   , 0.0064 ,      100,        8,       92
EIL, 0.06748, 0.00455,      163,       11,      152
EIM, 0.12121, 0.01469,       33,        4,       29
EIN, 0.06667, 0.00444,       75,        5,       70
EIP, 0.07843, 0.00615,      102,        8,       94
EIQ, 0.13636, 0.0186 ,       66,        9,       57
EIR, 0.07692, 0.00592,       78,        6,       72
EIS, 0.09174, 0.00842,      109,       10,       99
EIT, 0.02   , 0.0004 ,      100,        2,       98
EIV, 0.04673, 0.00218,      107,        5,      102
EIW, 0      , 0      ,       16,        0,       16
EIY, 0.03448, 0.00119,       58,        2,       56
EI_, 0.2    , 0.04   ,        5,        1,        4
EKE, 0.04098, 0.00168,      122,        5,      117
EKF, 0.07377, 0.00544,      122,        9,      113
EKG, 0.02649, 0.0007 ,      151,        4,      147
EKH, 0.02083, 0.00043,       48,        1,       47
EKI, 0.05143, 0.00264,      175,        9,      166
EKK, 0.06993, 0.00489,      143,       10,      133
EKL, 0.05672, 0.00322,      335,       19,      316
EKM, 0.07955, 0.00633,       88,        7,       81
EKN, 0.04124, 0.0017 ,       97,        4,       93
EKP, 0.02632, 0.00069,      114,        3,      111
EKQ, 0.04938, 0.00244,       81,        4,       77
EKR, 0.02542, 0.00065,      118,        3,      115
EKS, 0.05128, 0.00263,      117,        6,      111
EKT, 0.01515, 0.00023,      132,        2,      130
EKV, 0.05464, 0.00299,      183,       10,      173
EKW, 0.12821, 0.01644,       39,        5,       34
EKY, 0.06863, 0.00471,      102,        7,       95
EK_, 0      , 0      ,       11,        0,       11
ELE, 0.06818, 0.00465,       88,        6,       82
ELF, 0.11017, 0.01214,      118,       13,      105
ELG, 0.09581, 0.00918,      167,       16,      151
ELH, 0.03175, 0.00101,       63,        2,       61
ELI, 0.06154, 0.00379,      195,       12,      183
ELK, 0.05556, 0.00309,      180,       10,      170
ELL, 0.04459, 0.00199,      314,       14,      300
ELM, 0.03297, 0.00109,       91,        3,       88
ELN, 0.05607, 0.00314,      107,        6,      101
ELP, 0.06452, 0.00416,      124,        8,      116
ELQ, 0.05932, 0.00352,      118,        7,      111
ELR, 0.056  , 0.00314,      125,        7,      118
ELS, 0.06358, 0.00404,      173,       11,      162
ELT, 0.05755, 0.00331,      139,        8,      131
ELV, 0.07614, 0.0058 ,      197,       15,      182
ELW, 0      , 0      ,       23,        0,       23
ELY, 0.04854, 0.00236,      103,        5,       98
EL_, 0      , 0      ,        9,        0,        9
EME, 0.04   , 0.0016 ,       25,        1,       24
EMF, 0.03846, 0.00148,       26,        1,       25
EMG, 0.08333, 0.00694,       48,        4,       44
EMH, 0.15   , 0.0225 ,       20,        3,       17
EMI, 0.20833, 0.0434 ,       48,       10,       38
EMK, 0.04651, 0.00216,       43,        2,       41
EML, 0.05714, 0.00327,       70,        4,       66
EMM, 0      , 0      ,       15,        0,       15
EMN, 0.08333, 0.00694,       36,        3,       33
EMP, 0.15789, 0.02493,       19,        3,       16
EMQ, 0.03571, 0.00128,       28,        1,       27
EMR, 0.125  , 0.01562,       32,        4,       28
EMS, 0.04167, 0.00174,       48,        2,       46
EMT, 0.0625 , 0.00391,       32,        2,       30
EMV, 0.01786, 0.00032,       56,        1,       55
EMW, 0      , 0      ,        7,        0,        7
EMY, 0.09524, 0.00907,       21,        2,       19
EM_, 0.125  , 0.01562,       16,        2,       14
ENE, 0.03571, 0.00128,       56,        2,       54
ENF, 0.01031, 0.00011,       97,        1,       96
ENG, 0.03125, 0.00098,      128,        4,      124
ENH, 0.03704, 0.00137,       27,        1,       26
ENI, 0.04487, 0.00201,      156,        7,      149
ENK, 0.04167, 0.00174,       96,        4,       92
ENL, 0.05405, 0.00292,      185,       10,      175
ENM, 0.06977, 0.00487,       43,        3,       40
ENN, 0.01587, 0.00025,       63,        1,       62
ENP, 0.05618, 0.00316,       89,        5,       84
ENQ, 0.10714, 0.01148,       56,        6,       50
ENR, 0.04225, 0.00179,       71,        3,       68
ENS, 0.03409, 0.00116,       88,        3,       85
ENT, 0.03704, 0.00137,       81,        3,       78
ENV, 0.04959, 0.00246,      121,        6,      115
ENW, 0.04167, 0.00174,       24,        1,       23
ENY, 0.03448, 0.00119,       58,        2,       56
EN_, 0.11111, 0.01235,        9,        1,        8
EPE, 0.01887, 0.00036,       53,        1,       52
EPF, 0.09589, 0.00919,       73,        7,       66
EPG, 0.02041, 0.00042,       98,        2,       96
EPH, 0.025  , 0.00063,       40,        1,       39
EPI, 0.07547, 0.0057 ,      106,        8,       98
EPK, 0.03226, 0.00104,       93,        3,       90
EPL, 0.04813, 0.00232,      187,        9,      178
EPM, 0.07143, 0.0051 ,       28,        2,       26
EPN, 0      , 0      ,       84,        0,       84
EPP, 0.05556, 0.00309,       90,        5,       85
EPQ, 0      , 0      ,       63,        0,       63
EPR, 0.01316, 0.00017,       76,        1,       75
EPS, 0.01587, 0.00025,      126,        2,      124
EPT, 0.01923, 0.00037,      104,        2,      102
EPV, 0.064  , 0.0041 ,      125,        8,      117
EPW, 0.06061, 0.00367,       33,        2,       31
EPY, 0.03333, 0.00111,       60,        2,       58
EP_, 0      , 0      ,       12,        0,       12
EQE, 0.04082, 0.00167,       49,        2,       47
EQF, 0.05263, 0.00277,       76,        4,       72
EQG, 0.05063, 0.00256,       79,        4,       75
EQH, 0.07143, 0.0051 ,       28,        2,       26
EQI, 0.02804, 0.00079,      107,        3,      104
EQK, 0.02439, 0.00059,       82,        2,       80
EQL, 0.04444, 0.00198,      225,       10,      215
EQM, 0.06122, 0.00375,       49,        3,       46
EQN, 0.03704, 0.00137,       54,        2,       52
EQP, 0.07353, 0.00541,       68,        5,       63
EQQ, 0.11538, 0.01331,       52,        6,       46
EQR, 0.02817, 0.00079,       71,        2,       69
EQS, 0.08333, 0.00694,       72,        6,       66
EQT, 0.02222, 0.00049,       45,        1,       44
EQV, 0.07619, 0.0058 ,      105,        8,       97
EQW, 0.09677, 0.00937,       31,        3,       28
EQY, 0.04839, 0.00234,       62,        3,       59
EQ_, 0.09091, 0.00826,       11,        1,       10
ERE, 0.07353, 0.00541,       68,        5,       63
ERF, 0.03614, 0.00131,       83,        3,       80
ERG, 0.11111, 0.01235,       90,       10,       80
ERH, 0      , 0      ,       40,        0,       40
ERI, 0.13072, 0.01709,      153,       20,      133
ERK, 0.02174, 0.00047,       92,        2,       90
ERL, 0.07143, 0.0051 ,      238,       17,      221
ERM, 0      , 0      ,       39,        0,       39
ERN, 0.07353, 0.00541,       68,        5,       63
ERP, 0.05682, 0.00323,       88,        5,       83
ERQ, 0.04412, 0.00195,       68,        3,       65
ERR, 0.07059, 0.00498,       85,        6,       79
ERS, 0.13208, 0.01744,      106,       14,       92
ERT, 0.06667, 0.00444,       90,        6,       84
ERV, 0.10625, 0.01129,      160,       17,      143
ERW, 0      , 0      ,       28,        0,       28
ERY, 0.04167, 0.00174,       72,        3,       69
ER_, 0      , 0      ,        3,        0,        3
ESE, 0.09804, 0.00961,       51,        5,       46
ESF, 0.09091, 0.00826,       88,        8,       80
ESG, 0.024  , 0.00058,      125,        3,      122
ESH, 0.09524, 0.00907,       42,        4,       38
ESI, 0.05941, 0.00353,      101,        6,       95
ESK, 0.0381 , 0.00145,      105,        4,      101
ESL, 0.02713, 0.00074,      258,        7,      251
ESM, 0.09756, 0.00952,       41,        4,       37
ESN, 0.06494, 0.00422,       77,        5,       72
ESP, 0.02532, 0.00064,       79,        2,       77
ESQ, 0.04   , 0.0016 ,       75,        3,       72
ESR, 0.03409, 0.00116,       88,        3,       85
ESS, 0.06034, 0.00364,      116,        7,      109
EST, 0.10588, 0.01121,       85,        9,       76
ESV, 0.024  , 0.00058,      125,        3,      122
ESW, 0.0303 , 0.00092,       33,        1,       32
ESY, 0.0597 , 0.00356,       67,        4,       63
ES_, 0.1    , 0.01   ,       20,        2,       18
ETE, 0      , 0      ,       44,        0,       44
ETF, 0.03896, 0.00152,       77,        3,       74
ETG, 0      , 0      ,      141,        0,      141
ETH, 0      , 0      ,       28,        0,       28
ETI, 0.10744, 0.01154,      121,       13,      108
ETK, 0.0814 , 0.00663,       86,        7,       79
ETL, 0.03865, 0.00149,      207,        8,      199
ETM, 0.04545, 0.00207,       44,        2,       42
ETN, 0.04348, 0.00189,       69,        3,       66
ETP, 0.03896, 0.00152,       77,        3,       74
ETQ, 0      , 0      ,       58,        0,       58
ETR, 0.05479, 0.003  ,       73,        4,       69
ETS, 0.04255, 0.00181,       94,        4,       90
ETT, 0.02597, 0.00067,       77,        2,       75
ETV, 0.02326, 0.00054,      129,        3,      126
ETW, 0.16129, 0.02601,       31,        5,       26
ETY, 0.07692, 0.00592,       52,        4,       48
ET_, 0.14286, 0.02041,        7,        1,        6
EVE, 0.05814, 0.00338,       86,        5,       81
EVF, 0.05263, 0.00277,       95,        5,       90
EVG, 0.05785, 0.00335,      121,        7,      114
EVH, 0.0625 , 0.00391,       32,        2,       30
EVI, 0.024  , 0.00058,      125,        3,      122
EVK, 0.04587, 0.0021 ,      109,        5,      104
EVL, 0.03627, 0.00132,      193,        7,      186
EVM, 0.02326, 0.00054,       43,        1,       42
EVN, 0.05495, 0.00302,       91,        5,       86
EVP, 0.05714, 0.00327,      105,        6,       99
EVQ, 0.01333, 0.00018,       75,        1,       74
EVR, 0.03333, 0.00111,       90,        3,       87
EVS, 0.09322, 0.00869,      118,       11,      107
EVT, 0.075  , 0.00562,      120,        9,      111
EVV, 0.07831, 0.00613,      166,       13,      153
EVW, 0.05   , 0.0025 ,       20,        1,       19
EVY, 0.10606, 0.01125,       66,        7,       59
EV_, 0      , 0      ,        6,        0,        6
EWE, 0      , 0      ,        8,        0,        8
EWF, 0.33333, 0.11111,       18,        6,       12
EWG, 0.07143, 0.0051 ,       42,        3,       39
EWH, 0.125  , 0.01562,        8,        1,        7
EWI, 0.09677, 0.00937,       31,        3,       28
EWK, 0.13158, 0.01731,       38,        5,       33
EWL, 0.05128, 0.00263,       39,        2,       37
EWM, 0.18182, 0.03306,       11,        2,        9
EWN, 0.16667, 0.02778,       18,        3,       15
EWP, 0.10526, 0.01108,       19,        2,       17
EWQ, 0.36364, 0.13223,       22,        8,       14
EWR, 0.16667, 0.02778,       30,        5,       25
EWS, 0.13043, 0.01701,       23,        3,       20
EWT, 0.14706, 0.02163,       34,        5,       29
EWV, 0.08824, 0.00779,       34,        3,       31
EWW, 0.3    , 0.09   ,       10,        3,        7
EWY, 0.11111, 0.01235,       27,        3,       24
EYE, 0.04651, 0.00216,       43,        2,       41
EYF, 0.11321, 0.01282,       53,        6,       47
EYG, 0.09859, 0.00972,       71,        7,       64
EYH, 0.09375, 0.00879,       32,        3,       29
EYI, 0.07792, 0.00607,       77,        6,       71
EYK, 0.12821, 0.01644,       78,       10,       68
EYL, 0.09167, 0.0084 ,      120,       11,      109
EYM, 0.125  , 0.01562,       24,        3,       21
EYN, 0.0566 , 0.0032 ,       53,        3,       50
EYP, 0.13953, 0.01947,       43,        6,       37
EYQ, 0.0625 , 0.00391,       32,        2,       30
EYR, 0.05357, 0.00287,       56,        3,       53
EYS, 0.03125, 0.00098,       64,        2,       62
EYT, 0.17188, 0.02954,       64,       11,       53
EYV, 0.09589, 0.00919,       73,        7,       66
EYW, 0.08333, 0.00694,       24,        2,       22
EYY, 0.21739, 0.04726,       46,       10,       36
EY_, 0      , 0      ,        7,        0,        7
FAF, 0.26316, 0.06925,       19,        5,       14
FAG, 0.07895, 0.00623,       76,        6,       70
FAH, 0.09524, 0.00907,       21,        2,       19
FAI, 0.11321, 0.01282,       53,        6,       47
FAK, 0.03226, 0.00104,       93,        3,       90
FAL, 0.07463, 0.00557,       67,        5,       62
FAM, 0.08333, 0.00694,       24,        2,       22
FAN, 0.12281, 0.01508,       57,        7,       50
FAP, 0.01587, 0.00025,       63,        1,       62
FAQ, 0.04348, 0.00189,       46,        2,       44
FAR, 0.05172, 0.00268,       58,        3,       55
FAS, 0.05195, 0.0027 ,       77,        4,       73
FAT, 0.08163, 0.00666,       49,        4,       45
FAV, 0.10714, 0.01148,       56,        6,       50
FAW, 0.28571, 0.08163,        7,        2,        5
FAY, 0.06897, 0.00476,       29,        2,       27
FA_, 0      , 0      ,        7,        0,        7
FCF, 0.33333, 0.11111,        3,        1,        2
FCG, 0.10526, 0.01108,       19,        2,       17
FCH, 0.1    , 0.01   ,       10,        1,        9
FCI, 0      , 0      ,        6,        0,        6
FCK, 0      , 0      ,       17,        0,       17
FCL, 0      , 0      ,       20,        0,       20
FCM, 0      , 0      ,        5,        0,        5
FCN, 0      , 0      ,       16,        0,       16
FCP, 0.04348, 0.00189,       23,        1,       22
FCQ, 0      , 0      ,        6,        0,        6
FCR, 0.0625 , 0.00391,       16,        1,       15
FCS, 0      , 0      ,       24,        0,       24
FCT, 0.07143, 0.0051 ,       14,        1,       13
FCV, 0.15385, 0.02367,       13,        2,       11
FCW, 0      , 0      ,        4,        0,        4
FCY, 0.16667, 0.02778,       18,        3,       15
FDF, 0.13889, 0.01929,       36,        5,       31
FDG, 0.05155, 0.00266,       97,        5,       92
FDH, 0.07407, 0.00549,       27,        2,       25
FDI, 0.02532, 0.00064,       79,        2,       77
FDK, 0.04673, 0.00218,      107,        5,      102
FDL, 0.08594, 0.00739,      128,       11,      117
FDM, 0.03704, 0.00137,       27,        1,       26
FDN, 0.06154, 0.00379,       65,        4,       61
FDP, 0.06154, 0.00379,       65,        4,       61
FDQ, 0.03774, 0.00142,       53,        2,       51
FDR, 0.04348, 0.00189,       69,        3,       66
FDS, 0.06452, 0.00416,       93,        6,       87
FDT, 0.0404 , 0.00163,       99,        4,       95
FDV, 0.06061, 0.00367,       99,        6,       93
FDW, 0.1    , 0.01   ,       20,        2,       18
FDY, 0      , 0      ,       43,        0,       43
FD_, 0      , 0      ,       10,        0,       10
FEF, 0.1    , 0.01   ,       30,        3,       27
FEG, 0.07   , 0.0049 ,      100,        7,       93
FEH, 0.03125, 0.00098,       32,        1,       31
FEI, 0.1125 , 0.01266,       80,        9,       71
FEK, 0.07519, 0.00565,      133,       10,      123
FEL, 0.05455, 0.00298,      110,        6,      104
FEM, 0.16667, 0.02778,       30,        5,       25
FEN, 0.07692, 0.00592,       52,        4,       48
FEP, 0.03797, 0.00144,       79,        3,       76
FEQ, 0.03279, 0.00107,       61,        2,       59
FER, 0.03704, 0.00137,       81,        3,       78
FES, 0.075  , 0.00562,       80,        6,       74
FET, 0.0303 , 0.00092,       66,        2,       64
FEV, 0.04902, 0.0024 ,      102,        5,       97
FEW, 0.09091, 0.00826,       11,        1,       10
FEY, 0.07143, 0.0051 ,       42,        3,       39
FE_, 0      , 0      ,        5,        0,        5
FFF, 0.05882, 0.00346,       17,        1,       16
FFG, 0.07843, 0.00615,       51,        4,       47
FFH, 0.21053, 0.04432,       19,        4,       15
FFI, 0.05556, 0.00309,       36,        2,       34
FFK, 0.08   , 0.0064 ,       50,        4,       46
FFL, 0.14583, 0.02127,       48,        7,       41
FFM, 0.1875 , 0.03516,       16,        3,       13
FFN, 0.08889, 0.0079 ,       45,        4,       41
FFP, 0.13043, 0.01701,       46,        6,       40
FFQ, 0.13043, 0.01701,       23,        3,       20
FFR, 0.15217, 0.02316,       46,        7,       39
FFS, 0.09259, 0.00857,       54,        5,       49
FFT, 0.13158, 0.01731,       38,        5,       33
FFV, 0.12121, 0.01469,       33,        4,       29
FFW, 0      , 0      ,       10,        0,       10
FFY, 0.05   , 0.0025 ,       20,        1,       19
FGF, 0.14286, 0.02041,       28,        4,       24
FGG, 0.13043, 0.01701,       69,        9,       60
FGH, 0.04545, 0.00207,       22,        1,       21
FGI, 0.05263, 0.00277,       57,        3,       54
FGK, 0.04651, 0.00216,       86,        4,       82
FGL, 0.14953, 0.02236,      107,       16,       91
FGM, 0      , 0      ,       18,        0,       18
FGN, 0.01695, 0.00029,       59,        1,       58
FGP, 0.0339 , 0.00115,       59,        2,       57
FGQ, 0.04   , 0.0016 ,       50,        2,       48
FGR, 0.11321, 0.01282,       53,        6,       47
FGS, 0.06061, 0.00367,       99,        6,       93
FGT, 0.07353, 0.00541,       68,        5,       63
FGV, 0.08929, 0.00797,       56,        5,       51
FGW, 0.25   , 0.0625 ,       12,        3,        9
FGY, 0.18182, 0.03306,       44,        8,       36
FG_, 0      , 0      ,        6,        0,        6
FHF, 0      , 0      ,       17,        0,       17
FHG, 0.075  , 0.00562,       40,        3,       37
FHH, 0      , 0      ,       10,        0,       10
FHI, 0.19355, 0.03746,       31,        6,       25
FHK, 0.11765, 0.01384,       34,        4,       30
FHL, 0.1    , 0.01   ,       50,        5,       45
FHM, 0.07143, 0.0051 ,       14,        1,       13
FHN, 0.08333, 0.00694,       24,        2,       22
FHP, 0.06061, 0.00367,       33,        2,       31
FHQ, 0.08333, 0.00694,       36,        3,       33
FHR, 0.025  , 0.00063,       40,        1,       39
FHS, 0.06977, 0.00487,       43,        3,       40
FHT, 0.03571, 0.00128,       28,        1,       27
FHV, 0.08824, 0.00779,       34,        3,       31
FHW, 0      , 0      ,        1,        0,        1
FHY, 0      , 0      ,       24,        0,       24
FIF, 0.13636, 0.0186 ,       22,        3,       19
FIG, 0.12281, 0.01508,       57,        7,       50
FIH, 0.04545, 0.00207,       22,        1,       21
FII, 0.02326, 0.00054,       43,        1,       42
FIK, 0.06557, 0.0043 ,       61,        4,       57
FIL, 0.06897, 0.00476,       58,        4,       54
FIM, 0.0625 , 0.00391,       16,        1,       15
FIN, 0.13636, 0.0186 ,       66,        9,       57
FIP, 0.025  , 0.00063,       40,        1,       39
FIQ, 0.04878, 0.00238,       41,        2,       39
FIR, 0      , 0      ,       40,        0,       40
FIS, 0      , 0      ,       55,        0,       55
FIT, 0      , 0      ,       57,        0,       57
FIV, 0.10417, 0.01085,       48,        5,       43
FIW, 0      , 0      ,        1,        0,        1
FIY, 0.13333, 0.01778,       30,        4,       26
FI_, 0      , 0      ,        1,        0,        1
FKF, 0.13636, 0.0186 ,       22,        3,       19
FKG, 0.0625 , 0.00391,       96,        6,       90
FKH, 0.07407, 0.00549,       27,        2,       25
FKI, 0.03409, 0.00116,       88,        3,       85
FKK, 0.0396 , 0.00157,      101,        4,       97
FKL, 0.04587, 0.0021 ,      109,        5,      104
FKM, 0.05263, 0.00277,       19,        1,       18
FKN, 0.0875 , 0.00766,       80,        7,       73
FKP, 0.06818, 0.00465,       44,        3,       41
FKQ, 0.04412, 0.00195,       68,        3,       65
FKR, 0.07143, 0.0051 ,       70,        5,       65
FKS, 0.07692, 0.00592,       78,        6,       72
FKT, 0.13208, 0.01744,       53,        7,       46
FKV, 0.14912, 0.02224,      114,       17,       97
FKW, 0      , 0      ,       17,        0,       17
FKY, 0.05263, 0.00277,       57,        3,       54
FK_, 0      , 0      ,        5,        0,        5
FLF, 0.12   , 0.0144 ,       25,        3,       22
FLG, 0.07   , 0.0049 ,      100,        7,       93
FLH, 0.05128, 0.00263,       39,        2,       37
FLI, 0.02083, 0.00043,       48,        1,       47
FLK, 0.09259, 0.00857,      108,       10,       98
FLL, 0.16162, 0.02612,       99,       16,       83
FLM, 0.15385, 0.02367,       26,        4,       22
FLN, 0.10448, 0.01092,       67,        7,       60
FLP, 0.05556, 0.00309,       72,        4,       68
FLQ, 0.04348, 0.00189,       69,        3,       66
FLR, 0.05495, 0.00302,       91,        5,       86
FLS, 0.11538, 0.01331,      104,       12,       92
FLT, 0.04494, 0.00202,       89,        4,       85
FLV, 0.11957, 0.0143 ,       92,       11,       81
FLW, 0.1875 , 0.03516,       16,        3,       13
FLY, 0.11111, 0.01235,       36,        4,       32
FL_, 0      , 0      ,        2,        0,        2
FMF, 0      , 0      ,        5,        0,        5
FMG, 0.17647, 0.03114,       17,        3,       14
FMH, 0.13333, 0.01778,       15,        2,       13
FMI, 0.25   , 0.0625 ,        8,        2,        6
FMK, 0.08   , 0.0064 ,       25,        2,       23
FML, 0.1    , 0.01   ,       30,        3,       27
FMM, 0      , 0      ,        5,        0,        5
FMN, 0.125  , 0.01562,       16,        2,       14
FMP, 0.11765, 0.01384,       17,        2,       15
FMQ, 0.05   , 0.0025 ,       20,        1,       19
FMR, 0.06667, 0.00444,       15,        1,       14
FMS, 0.21053, 0.04432,       19,        4,       15
FMT, 0.1    , 0.01   ,       20,        2,       18
FMV, 0.15789, 0.02493,       19,        3,       16
FMW, 0      , 0      ,        6,        0,        6
FMY, 0.15385, 0.02367,       13,        2,       11
FM_, 0.2    , 0.04   ,        5,        1,        4
FNF, 0      , 0      ,       16,        0,       16
FNG, 0.10667, 0.01138,       75,        8,       67
FNH, 0      , 0      ,       27,        0,       27
FNI, 0.12   , 0.0144 ,       50,        6,       44
FNK, 0.03448, 0.00119,       87,        3,       84
FNL, 0.1    , 0.01   ,       90,        9,       81
FNM, 0      , 0      ,       27,        0,       27
FNN, 0.01639, 0.00027,       61,        1,       60
FNP, 0.03175, 0.00101,       63,        2,       61
FNQ, 0.02083, 0.00043,       48,        1,       47
FNR, 0.08621, 0.00743,       58,        5,       53
FNS, 0.02985, 0.00089,       67,        2,       65
FNT, 0.11111, 0.01235,       54,        6,       48
FNV, 0.08333, 0.00694,       72,        6,       66
FNW, 0.1    , 0.01   ,       10,        1,        9
FNY, 0.04167, 0.00174,       48,        2,       46
FN_, 0      , 0      ,        4,        0,        4
FPF, 0      , 0      ,       19,        0,       19
FPG, 0.04225, 0.00179,       71,        3,       68
FPH, 0      , 0      ,       24,        0,       24
FPI, 0.09302, 0.00865,       43,        4,       39
FPK, 0.03448, 0.00119,       58,        2,       56
FPL, 0.06383, 0.00407,       94,        6,       88
FPM, 0.05882, 0.00346,       17,        1,       16
FPN, 0.07273, 0.00529,       55,        4,       51
FPP, 0.06522, 0.00425,       46,        3,       43
FPQ, 0.04762, 0.00227,       42,        2,       40
FPR, 0.04255, 0.00181,       47,        2,       45
FPS, 0.13433, 0.01804,       67,        9,       58
FPT, 0.04255, 0.00181,       47,        2,       45
FPV, 0.08571, 0.00735,       70,        6,       64
FPW, 0.19048, 0.03628,       21,        4,       17
FPY, 0.05556, 0.00309,       36,        2,       34
FP_, 0      , 0      ,        5,        0,        5
FQF, 0      , 0      ,       24,        0,       24
FQG, 0.03077, 0.00095,       65,        2,       63
FQH, 0.19048, 0.03628,       21,        4,       17
FQI, 0.06897, 0.00476,       58,        4,       54
FQK, 0.06452, 0.00416,       62,        4,       58
FQL, 0.09375, 0.00879,       64,        6,       58
FQM, 0      , 0      ,       28,        0,       28
FQN, 0.05   , 0.0025 ,       60,        3,       57
FQP, 0      , 0      ,       44,        0,       44
FQQ, 0.04444, 0.00198,       45,        2,       43
FQR, 0.02381, 0.00057,       42,        1,       41
FQS, 0.07692, 0.00592,       52,        4,       48
FQT, 0.02222, 0.00049,       45,        1,       44
FQV, 0      , 0      ,       60,        0,       60
FQW, 0.08333, 0.00694,       12,        1,       11
FQY, 0.09524, 0.00907,       42,        4,       38
FQ_, 0      , 0      ,        4,        0,        4
FRF, 0.13636, 0.0186 ,       22,        3,       19
FRG, 0.06329, 0.00401,       79,        5,       74
FRH, 0.11111, 0.01235,       27,        3,       24
FRI, 0.05455, 0.00298,       55,        3,       52
FRK, 0.09589, 0.00919,       73,        7,       66
FRL, 0.01802, 0.00032,      111,        2,      109
FRM, 0.08   , 0.0064 ,       25,        2,       23
FRN, 0.01923, 0.00037,       52,        1,       51
FRP, 0.03704, 0.00137,       54,        2,       52
FRQ, 0.02   , 0.0004 ,       50,        1,       49
FRR, 0.09836, 0.00967,       61,        6,       55
FRS, 0.06522, 0.00425,       92,        6,       86
FRT, 0.0678 , 0.0046 ,       59,        4,       55
FRV, 0.10417, 0.01085,       96,       10,       86
FRW, 0.125  , 0.01562,        8,        1,        7
FRY, 0.09524, 0.00907,       42,        4,       38
FR_, 0.5    , 0.25   ,        2,        1,        1
FSF, 0.16667, 0.02778,       36,        6,       30
FSG, 0.05263, 0.00277,       95,        5,       90
FSH, 0.0625 , 0.00391,       32,        2,       30
FSI, 0.18072, 0.03266,       83,       15,       68
FSK, 0.06838, 0.00468,      117,        8,      109
FSL, 0.07519, 0.00565,      133,       10,      123
FSM, 0.0625 , 0.00391,       32,        2,       30
FSN, 0.04286, 0.00184,       70,        3,       67
FSP, 0.02326, 0.00054,       86,        2,       84
FSQ, 0.0625 , 0.00391,       64,        4,       60
FSR, 0.04412, 0.00195,       68,        3,       65
FSS, 0.05195, 0.0027 ,       77,        4,       73
FST, 0.05618, 0.00316,       89,        5,       84
FSV, 0.07843, 0.00615,      102,        8,       94
FSW, 0.125  , 0.01562,       16,        2,       14
FSY, 0.06522, 0.00425,       46,        3,       43
FS_, 0.1    , 0.01   ,       10,        1,        9
FTF, 0      , 0      ,       26,        0,       26
FTG, 0.04762, 0.00227,       84,        4,       80
FTH, 0.03125, 0.00098,       32,        1,       31
FTI, 0.02899, 0.00084,       69,        2,       67
FTK, 0.025  , 0.00063,       80,        2,       78
FTL, 0.07895, 0.00623,      114,        9,      105
FTM, 0.09091, 0.00826,       22,        2,       20
FTN, 0.08772, 0.00769,       57,        5,       52
FTP, 0.02899, 0.00084,       69,        2,       67
FTQ, 0.01923, 0.00037,       52,        1,       51
FTR, 0.04688, 0.0022 ,       64,        3,       61
FTS, 0.12644, 0.01599,       87,       11,       76
FTT, 0.04348, 0.00189,       69,        3,       66
FTV, 0.0495 , 0.00245,      101,        5,       96
FTW, 0      , 0      ,       18,        0,       18
FTY, 0      , 0      ,       42,        0,       42
FT_, 0      , 0      ,        2,        0,        2
FVF, 0      , 0      ,       15,        0,       15
FVG, 0.0814 , 0.00663,       86,        7,       79
FVH, 0.08333, 0.00694,       24,        2,       22
FVI, 0.14   , 0.0196 ,       50,        7,       43
FVK, 0.05634, 0.00317,       71,        4,       67
FVL, 0.08696, 0.00756,       69,        6,       63
FVM, 0.05882, 0.00346,       17,        1,       16
FVN, 0.05085, 0.00259,       59,        3,       56
FVP, 0.09091, 0.00826,       66,        6,       60
FVQ, 0.06667, 0.00444,       60,        4,       56
FVR, 0.10606, 0.01125,       66,        7,       59
FVS, 0.05195, 0.0027 ,       77,        4,       73
FVT, 0.04762, 0.00227,       42,        2,       40
FVV, 0.03175, 0.00101,       63,        2,       61
FVW, 0      , 0      ,       10,        0,       10
FVY, 0.10714, 0.01148,       28,        3,       25
FV_, 0.25   , 0.0625 ,        4,        1,        3
FWF, 0      , 0      ,        5,        0,        5
FWG, 0.2    , 0.04   ,       15,        3,       12
FWH, 0.33333, 0.11111,        3,        1,        2
FWI, 0.07692, 0.00592,       13,        1,       12
FWK, 0.04762, 0.00227,       21,        1,       20
FWL, 0.0625 , 0.00391,       16,        1,       15
FWM, 0      , 0      ,        8,        0,        8
FWN, 0.33333, 0.11111,        9,        3,        6
FWP, 0.27778, 0.07716,       18,        5,       13
FWQ, 0.22222, 0.04938,       18,        4,       14
FWR, 0.14286, 0.02041,       14,        2,       12
FWS, 0.13333, 0.01778,       15,        2,       13
FWT, 0      , 0      ,        9,        0,        9
FWV, 0      , 0      ,       17,        0,       17
FWW, 0      , 0      ,        6,        0,        6
FWY, 0.13333, 0.01778,       15,        2,       13
FW_, 0      , 0      ,        3,        0,        3
FYF, 0.18182, 0.03306,       22,        4,       18
FYG, 0.25   , 0.0625 ,       52,       13,       39
FYH, 0.22222, 0.04938,       18,        4,       14
FYI, 0.14286, 0.02041,       35,        5,       30
FYK, 0.08772, 0.00769,       57,        5,       52
FYL, 0.125  , 0.01562,       56,        7,       49
FYM, 0.11111, 0.01235,       18,        2,       16
FYN, 0.15   , 0.0225 ,       40,        6,       34
FYP, 0.10638, 0.01132,       47,        5,       42
FYQ, 0      , 0      ,       33,        0,       33
FYR, 0.2    , 0.04   ,       50,       10,       40
FYS, 0.06897, 0.00476,       58,        4,       54
FYT, 0.15217, 0.02316,       46,        7,       39
FYV, 0.23256, 0.05408,       43,       10,       33
FYW, 0.25   , 0.0625 ,       12,        3,        9
FYY, 0.15   , 0.0225 ,       40,        6,       34
FY_, 0      , 0      ,        1,        0,        1
GAG, 0.04225, 0.00179,       71,        3,       68
GAH, 0.03571, 0.00128,       28,        1,       27
GAI, 0.08911, 0.00794,      101,        9,       92
GAK, 0.04511, 0.00204,      133,        6,      127
GAL, 0.04046, 0.00164,      173,        7,      166
GAM, 0.03571, 0.00128,       56,        2,       54
GAN, 0.08537, 0.00729,       82,        7,       75
GAP, 0.04854, 0.00236,      103,        5,       98
GAQ, 0.08451, 0.00714,       71,        6,       65
GAR, 0.01852, 0.00034,      108,        2,      106
GAS, 0.11364, 0.01291,      132,       15,      117
GAT, 0.03306, 0.00109,      121,        4,      117
GAV, 0.05556, 0.00309,      144,        8,      136
GAW, 0.11765, 0.01384,       17,        2,       15
GAY, 0.06383, 0.00407,       47,        3,       44
GA_, 0.09091, 0.00826,       11,        1,       10
GCG, 0.06667, 0.00444,       15,        1,       14
GCH, 0.11111, 0.01235,        9,        1,        8
GCI, 0      , 0      ,       27,        0,       27
GCK, 0.08   , 0.0064 ,       25,        2,       23
GCL, 0.10256, 0.01052,       39,        4,       35
GCM, 0.25   , 0.0625 ,        4,        1,        3
GCN, 0.04167, 0.00174,       24,        1,       23
GCP, 0.08824, 0.00779,       34,        3,       31
GCQ, 0.10526, 0.01108,       19,        2,       17
GCR, 0.16216, 0.0263 ,       37,        6,       31
GCS, 0.15152, 0.02296,       33,        5,       28
GCT, 0.07143, 0.0051 ,       28,        2,       26
GCV, 0.13158, 0.01731,       38,        5,       33
GCW, 0.5    , 0.25   ,        6,        3,        3
GCY, 0.25   , 0.0625 ,       32,        8,       24
GC_, 0      , 0      ,        1,        0,        1
GDG, 0.06024, 0.00363,       83,        5,       78
GDH, 0.05   , 0.0025 ,       40,        2,       38
GDI, 0.04444, 0.00198,      135,        6,      129
GDK, 0.04972, 0.00247,      181,        9,      172
GDL, 0.02551, 0.00065,      196,        5,      191
GDM, 0.11111, 0.01235,       45,        5,       40
GDN, 0.05333, 0.00284,       75,        4,       71
GDP, 0.04511, 0.00204,      133,        6,      127
GDQ, 0.08   , 0.0064 ,       75,        6,       69
GDR, 0.05926, 0.00351,      135,        8,      127
GDS, 0.03226, 0.00104,      155,        5,      150
GDT, 0.09402, 0.00884,      117,       11,      106
GDV, 0.05952, 0.00354,      168,       10,      158
GDW, 0.12903, 0.01665,       31,        4,       27
GDY, 0.05155, 0.00266,       97,        5,       92
GD_, 0      , 0      ,        5,        0,        5
GEG, 0.02439, 0.00059,       82,        2,       80
GEH, 0.02222, 0.00049,       45,        1,       44
GEI, 0.05556, 0.00309,      144,        8,      136
GEK, 0.04969, 0.00247,      161,        8,      153
GEL, 0.07179, 0.00515,      195,       14,      181
GEM, 0.05556, 0.00309,       54,        3,       51
GEN, 0.05505, 0.00303,      109,        6,      103
GEP, 0.07383, 0.00545,      149,       11,      138
GEQ, 0.03659, 0.00134,       82,        3,       79
GER, 0.08065, 0.0065 ,      124,       10,      114
GES, 0.09483, 0.00899,      116,       11,      105
GET, 0.03008, 0.0009 ,      133,        4,      129
GEV, 0.03226, 0.00104,      186,        6,      180
GEW, 0.08571, 0.00735,       35,        3,       32
GEY, 0.0137 , 0.00019,       73,        1,       72
GE_, 0      , 0      ,       10,        0,       10
GFG, 0.16071, 0.02583,       56,        9,       47
GFH, 0.09091, 0.00826,       33,        3,       30
GFI, 0.12698, 0.01612,       63,        8,       55
GFK, 0.16   , 0.0256 ,       75,       12,       63
GFL, 0.11236, 0.01262,       89,       10,       79
GFM, 0.08   , 0.0064 ,       25,        2,       23
GFN, 0.25   , 0.0625 ,       60,       15,       45
GFP, 0.03636, 0.00132,       55,        2,       53
GFQ, 0.09524, 0.00907,       42,        4,       38
GFR, 0.07812, 0.0061 ,       64,        5,       59
GFS, 0.16832, 0.02833,      101,       17,       84
GFT, 0.17857, 0.03189,       56,       10,       46
GFV, 0.09375, 0.00879,       96,        9,       87
GFW, 0.25   , 0.0625 ,       20,        5,       15
GFY, 0.09615, 0.00925,       52,        5,       47
GF_, 0      , 0      ,        1,        0,        1
GGG, 0.10127, 0.01025,       79,        8,       71
GGH, 0.05556, 0.00309,       36,        2,       34
GGI, 0.06   , 0.0036 ,      100,        6,       94
GGK, 0.00971, 0.00009,      103,        1,      102
GGL, 0.04848, 0.00235,      165,        8,      157
GGM, 0.10256, 0.01052,       39,        4,       35
GGN, 0.09412, 0.00886,       85,        8,       77
GGP, 0.01099, 0.00012,       91,        1,       90
GGQ, 0.03488, 0.00122,       86,        3,       83
GGR, 0.05833, 0.0034 ,      120,        7,      113
GGS, 0.08974, 0.00805,      156,       14,      142
GGT, 0.0708 , 0.00501,      113,        8,      105
GGV, 0.06818, 0.00465,      132,        9,      123
GGW, 0.05   , 0.0025 ,       40,        2,       38
GGY, 0.09756, 0.00952,       82,        8,       74
GG_, 0      , 0      ,       15,        0,       15
GHG, 0.22581, 0.05099,       31,        7,       24
GHH, 0      , 0      ,       22,        0,       22
GHI, 0.12245, 0.01499,       49,        6,       43
GHK, 0.04762, 0.00227,       42,        2,       40
GHL, 0.08065, 0.0065 ,       62,        5,       57
GHM, 0.08333, 0.00694,       24,        2,       22
GHN, 0.04167, 0.00174,       24,        1,       23
GHP, 0.05882, 0.00346,       34,        2,       32
GHQ, 0.06667, 0.00444,       15,        1,       14
GHR, 0.08108, 0.00657,       37,        3,       34
GHS, 0.15094, 0.02278,       53,        8,       45
GHT, 0.07407, 0.00549,       54,        4,       50
GHV, 0.14815, 0.02195,       54,        8,       46
GHW, 0.28571, 0.08163,        7,        2,        5
GHY, 0.14286, 0.02041,       42,        6,       36
GH_, 0      , 0      ,        3,        0,        3
GIG, 0.16   , 0.0256 ,       50,        8,       42
GIH, 0.0303 , 0.00092,       33,        1,       32
GII, 0.12   , 0.0144 ,       75,        9,       66
GIK, 0.04673, 0.00218,      107,        5,      102
GIL, 0.04839, 0.00234,      124,        6,      118
GIM, 0.21875, 0.04785,       32,        7,       25
GIN, 0.05479, 0.003  ,       73,        4,       69
GIP, 0.07595, 0.00577,       79,        6,       73
GIQ, 0.0678 , 0.0046 ,       59,        4,       55
GIR, 0.03947, 0.00156,       76,        3,       73
GIS, 0.13095, 0.01715,       84,       11,       73
GIT, 0.11905, 0.01417,       84,       10,       74
GIV, 0.04587, 0.0021 ,      109,        5,      104
GIW, 0.1    , 0.01   ,       20,        2,       18
GIY, 0.14894, 0.02218,       47,        7,       40
GI_, 0      , 0      ,        4,        0,        4
GKG, 0.03448, 0.00119,       58,        2,       56
GKH, 0      , 0      ,       48,        0,       48
GKI, 0.05769, 0.00333,      156,        9,      147
GKK, 0.05426, 0.00294,      129,        7,      122
GKL, 0.07054, 0.00498,      241,       17,      224
GKM, 0.07692, 0.00592,       39,        3,       36
GKN, 0.05814, 0.00338,       86,        5,       81
GKP, 0.03774, 0.00142,      106,        4,      102
GKQ, 0.01639, 0.00027,       61,        1,       60
GKR, 0.03636, 0.00132,      110,        4,      106
GKS, 0.03968, 0.00157,      126,        5,      121
GKT, 0.0458 , 0.0021 ,      131,        6,      125
GKV, 0.08725, 0.00761,      149,       13,      136
GKW, 0.02703, 0.00073,       37,        1,       36
GKY, 0.01064, 0.00011,       94,        1,       93
GK_, 0      , 0      ,        8,        0,        8
GLG, 0.15714, 0.02469,       70,       11,       59
GLH, 0.05   , 0.0025 ,       60,        3,       57
GLI, 0.12418, 0.01542,      153,       19,      134
GLK, 0.0678 , 0.0046 ,      177,       12,      165
GLL, 0.0531 , 0.00282,      226,       12,      214
GLM, 0.08333, 0.00694,       48,        4,       44
GLN, 0.02174, 0.00047,       92,        2,       90
GLP, 0.05806, 0.00337,      155,        9,      146
GLQ, 0.03261, 0.00106,       92,        3,       89
GLR, 0.04698, 0.00221,      149,        7,      142
GLS, 0.07285, 0.00531,      151,       11,      140
GLT, 0.10294, 0.0106 ,      136,       14,      122
GLV, 0.06358, 0.00404,      173,       11,      162
GLW, 0      , 0      ,       39,        0,       39
GLY, 0.06173, 0.00381,       81,        5,       76
GL_, 0.11111, 0.01235,        9,        1,        8
GMG, 0      , 0      ,       15,        0,       15
GMH, 0.07143, 0.0051 ,       14,        1,       13
GMI, 0.15385, 0.02367,       39,        6,       33
GMK, 0.025  , 0.00063,       40,        1,       39
GML, 0.13846, 0.01917,       65,        9,       56
GMM, 0      , 0      ,       14,        0,       14
GMN, 0.15385, 0.02367,       26,        4,       22
GMP, 0.06061, 0.00367,       33,        2,       31
GMQ, 0.12121, 0.01469,       33,        4,       29
GMR, 0      , 0      ,       24,        0,       24
GMS, 0.04762, 0.00227,       42,        2,       40
GMT, 0.19512, 0.03807,       41,        8,       33
GMV, 0      , 0      ,       42,        0,       42
GMW, 0.09091, 0.00826,       11,        1,       10
GMY, 0.04762, 0.00227,       21,        1,       20
GM_, 0.09091, 0.00826,       11,        1,       10
GNG, 0.14815, 0.02195,       54,        8,       46
GNH, 0.08571, 0.00735,       35,        3,       32
GNI, 0.04196, 0.00176,      143,        6,      137
GNK, 0.05814, 0.00338,       86,        5,       81
GNL, 0.09353, 0.00875,      139,       13,      126
GNM, 0.07143, 0.0051 ,       28,        2,       26
GNN, 0.10256, 0.01052,       78,        8,       70
GNP, 0.09434, 0.0089 ,      106,       10,       96
GNQ, 0.04167, 0.00174,       72,        3,       69
GNR, 0.11429, 0.01306,       70,        8,       62
GNS, 0.08333, 0.00694,      108,        9,       99
GNT, 0.09278, 0.00861,       97,        9,       88
GNV, 0.0493 , 0.00243,      142,        7,      135
GNW, 0.03846, 0.00148,       26,        1,       25
GNY, 0.04167, 0.00174,       72,        3,       69
GN_, 0.14286, 0.02041,        7,        1,        6
GPG, 0.01639, 0.00027,       61,        1,       60
GPH, 0.03226, 0.00104,       31,        1,       30
GPI, 0.04717, 0.00222,      106,        5,      101
GPK, 0.04211, 0.00177,       95,        4,       91
GPL, 0.06716, 0.00451,      134,        9,      125
GPM, 0.0625 , 0.00391,       32,        2,       30
GPN, 0.07407, 0.00549,       54,        4,       50
GPP, 0.03297, 0.00109,       91,        3,       88
GPQ, 0      , 0      ,       63,        0,       63
GPR, 0.05063, 0.00256,       79,        4,       75
GPS, 0.07317, 0.00535,       82,        6,       76
GPT, 0.06024, 0.00363,       83,        5,       78
GPV, 0.04082, 0.00167,       98,        4,       94
GPW, 0      , 0      ,       15,        0,       15
GPY, 0.02381, 0.00057,       42,        1,       41
GP_, 0      , 0      ,        4,        0,        4
GQG, 0      , 0      ,       40,        0,       40
GQH, 0.07407, 0.00549,       27,        2,       25
GQI, 0.08333, 0.00694,       84,        7,       77
GQK, 0.07595, 0.00577,       79,        6,       73
GQL, 0.07563, 0.00572,      119,        9,      110
GQM, 0.02564, 0.00066,       39,        1,       38
GQN, 0.1    , 0.01   ,       60,        6,       54
GQP, 0.02703, 0.00073,       74,        2,       72
GQQ, 0.06349, 0.00403,       63,        4,       59
GQR, 0.07595, 0.00577,       79,        6,       73
GQS, 0.03896, 0.00152,       77,        3,       74
GQT, 0.08571, 0.00735,       70,        6,       64
GQV, 0.08197, 0.00672,      122,       10,      112
GQW, 0.04   , 0.0016 ,       25,        1,       24
GQY, 0.08772, 0.00769,       57,        5,       52
GQ_, 0.2    , 0.04   ,        5,        1,        4
GRG, 0.17742, 0.03148,       62,       11,       51
GRH, 0.02941, 0.00087,       34,        1,       33
GRI, 0.08271, 0.00684,      133,       11,      122
GRK, 0.07071, 0.005  ,       99,        7,       92
GRL, 0.06699, 0.00449,      209,       14,      195
GRM, 0.25641, 0.06575,       39,       10,       29
GRN, 0.09091, 0.00826,       66,        6,       60
GRP, 0.02083, 0.00043,       96,        2,       94
GRQ, 0.08   , 0.0064 ,       75,        6,       69
GRR, 0.088  , 0.00774,      125,       11,      114
GRS, 0.0885 , 0.00783,      113,       10,      103
GRT, 0.15741, 0.02478,      108,       17,       91
GRV, 0.11184, 0.01251,      152,       17,      135
GRW, 0.16667, 0.02778,       30,        5,       25
GRY, 0.06154, 0.00379,       65,        4,       61
GR_, 0      , 0      ,        4,        0,        4
GSG, 0.01818, 0.00033,      110,        2,      108
GSH, 0.02857, 0.00082,       70,        2,       68
GSI, 0.10345, 0.0107 ,      116,       12,      104
GSK, 0.04132, 0.00171,      121,        5,      116
GSL, 0.035  , 0.00123,      200,        7,      193
GSM, 0.02381, 0.00057,       42,        1,       41
GSN, 0.04819, 0.00232,       83,        4,       79
GSP, 0.03937, 0.00155,      127,        5,      122
GSQ, 0.04211, 0.00177,       95,        4,       91
GSR, 0.07767, 0.00603,      103,        8,       95
GSS, 0.075  , 0.00562,      200,       15,      185
GST, 0.07353, 0.00541,      136,       10,      126
GSV, 0.02841, 0.00081,      176,        5,      171
GSW, 0.14286, 0.02041,       35,        5,       30
GSY, 0.03604, 0.0013 ,      111,        4,      107
GS_, 0      , 0      ,       17,        0,       17
GTG, 0.09211, 0.00848,       76,        7,       69
GTH, 0.04255, 0.00181,       47,        2,       45
GTI, 0.05036, 0.00254,      139,        7,      132
GTK, 0.05208, 0.00271,       96,        5,       91
GTL, 0.03681, 0.00135,      163,        6,      157
GTM, 0.03125, 0.00098,       32,        1,       31
GTN, 0.05714, 0.00327,       70,        4,       66
GTP, 0.06364, 0.00405,      110,        7,      103
GTQ, 0.06061, 0.00367,       66,        4,       62
GTR, 0.10465, 0.01095,       86,        9,       77
GTS, 0.05303, 0.00281,      132,        7,      125
GTT, 0.08696, 0.00756,      115,       10,      105
GTV, 0.02941, 0.00087,      136,        4,      132
GTW, 0.05714, 0.00327,       35,        2,       33
GTY, 0.05155, 0.00266,       97,        5,       92
GT_, 0      , 0      ,        8,        0,        8
GVG, 0.09836, 0.00967,       61,        6,       55
GVH, 0.075  , 0.00562,       40,        3,       37
GVI, 0.06818, 0.00465,       88,        6,       82
GVK, 0.0396 , 0.00157,      101,        4,       97
GVL, 0.08176, 0.00668,      159,       13,      146
GVM, 0.03448, 0.00119,       29,        1,       28
GVN, 0.04225, 0.00179,       71,        3,       68
GVP, 0.12174, 0.01482,      115,       14,      101
GVQ, 0.02632, 0.00069,       76,        2,       74
GVR, 0.10976, 0.01205,       82,        9,       73
GVS, 0.10606, 0.01125,      132,       14,      118
GVT, 0.03704, 0.00137,      108,        4,      104
GVV, 0.06707, 0.0045 ,      164,       11,      153
GVW, 0.2    , 0.04   ,       25,        5,       20
GVY, 0.04918, 0.00242,       61,        3,       58
GV_, 0      , 0      ,        6,        0,        6
GWG, 0.25926, 0.06722,       27,        7,       20
GWH, 0.375  , 0.14062,        8,        3,        5
GWI, 0.08333, 0.00694,       24,        2,       22
GWK, 0.09677, 0.00937,       31,        3,       28
GWL, 0.22857, 0.05224,       35,        8,       27
GWM, 0.11111, 0.01235,        9,        1,        8
GWN, 0.15385, 0.02367,       26,        4,       22
GWP, 0.17647, 0.03114,       17,        3,       14
GWQ, 0.23077, 0.05325,       13,        3,       10
GWR, 0.08333, 0.00694,       24,        2,       22
GWS, 0.27273, 0.07438,       33,        9,       24
GWT, 0.20588, 0.04239,       34,        7,       27
GWV, 0.25926, 0.06722,       27,        7,       20
GWW, 0.5    , 0.25   ,       10,        5,        5
GWY, 0.16667, 0.02778,       24,        4,       20
GYG, 0.21277, 0.04527,       47,       10,       37
GYH, 0.12903, 0.01665,       31,        4,       27
GYI, 0.11538, 0.01331,       78,        9,       69
GYK, 0.10227, 0.01046,       88,        9,       79
GYL, 0.13913, 0.01936,      115,       16,       99
GYM, 0.22222, 0.04938,       27,        6,       21
GYN, 0.08451, 0.00714,       71,        6,       65
GYP, 0.1194 , 0.01426,       67,        8,       59
GYQ, 0.11429, 0.01306,       35,        4,       31
GYR, 0.21538, 0.04639,       65,       14,       51
GYS, 0.14563, 0.02121,      103,       15,       88
GYT, 0.17442, 0.03042,       86,       15,       71
GYV, 0.17105, 0.02926,       76,       13,       63
GYW, 0.2    , 0.04   ,       15,        3,       12
GYY, 0.08929, 0.00797,       56,        5,       51
GY_, 0      , 0      ,        2,        0,        2
HAH, 0.14286, 0.02041,        7,        1,        6
HAI, 0.05882, 0.00346,       34,        2,       32
HAK, 0      , 0      ,       32,        0,       32
HAL, 0.06522, 0.00425,       46,        3,       43
HAM, 0      , 0      ,       13,        0,       13
HAN, 0      , 0      ,       21,        0,       21
HAP, 0.04545, 0.00207,       22,        1,       21
HAQ, 0      , 0      ,       29,        0,       29
HAR, 0.05882, 0.00346,       34,        2,       32
HAS, 0.05405, 0.00292,       37,        2,       35
HAT, 0      , 0      ,       26,        0,       26
HAV, 0.11429, 0.01306,       35,        4,       31
HAW, 0.1    , 0.01   ,       10,        1,        9
HAY, 0.07143, 0.0051 ,       14,        1,       13
HA_, 0      , 0      ,        4,        0,        4
HCH, 0      , 0      ,        1,        0,        1
HCI, 0.06667, 0.00444,       15,        1,       14
HCK, 0.08333, 0.00694,       12,        1,       11
HCL, 0.05882, 0.00346,       17,        1,       16
HCM, 0      , 0      ,        3,        0,        3
HCN, 0      , 0      ,        9,        0,        9
HCP, 0.09091, 0.00826,       11,        1,       10
HCQ, 0      , 0      ,       13,        0,       13
HCR, 0.27273, 0.07438,       11,        3,        8
HCS, 0.07143, 0.0051 ,       14,        1,       13
HCT, 0.16667, 0.02778,        6,        1,        5
HCV, 0.11765, 0.01384,       17,        2,       15
HCW, 0      , 0      ,        3,        0,        3
HCY, 0      , 0      ,       10,        0,       10
HDH, 0.25   , 0.0625 ,        4,        1,        3
HDI, 0.09091, 0.00826,       33,        3,       30
HDK, 0.02439, 0.00059,       41,        1,       40
HDL, 0.03279, 0.00107,       61,        2,       59
HDM, 0.15385, 0.02367,       13,        2,       11
HDN, 0.08696, 0.00756,       23,        2,       21
HDP, 0.02564, 0.00066,       39,        1,       38
HDQ, 0.02941, 0.00087,       34,        1,       33
HDR, 0.07143, 0.0051 ,       28,        2,       26
HDS, 0.04167, 0.00174,       24,        1,       23
HDT, 0.25   , 0.0625 ,       20,        5,       15
HDV, 0.09804, 0.00961,       51,        5,       46
HDW, 0.125  , 0.01562,        8,        1,        7
HDY, 0.16667, 0.02778,       24,        4,       20
HD_, 1      , 1      ,        1,        1,        0
HEH, 0      , 0      ,       12,        0,       12
HEI, 0.07843, 0.00615,       51,        4,       47
HEK, 0.04762, 0.00227,       42,        2,       40
HEL, 0.12048, 0.01452,       83,       10,       73
HEM, 0.07692, 0.00592,       26,        2,       24
HEN, 0      , 0      ,       29,        0,       29
HEP, 0.04545, 0.00207,       44,        2,       42
HEQ, 0.03226, 0.00104,       31,        1,       30
HER, 0.06452, 0.00416,       31,        2,       29
HES, 0.08571, 0.00735,       35,        3,       32
HET, 0.10256, 0.01052,       39,        4,       35
HEV, 0.0566 , 0.0032 ,       53,        3,       50
HEW, 0      , 0      ,       15,        0,       15
HEY, 0.21739, 0.04726,       23,        5,       18
HE_, 0      , 0      ,        2,        0,        2
HFH, 0.125  , 0.01562,        8,        1,        7
HFI, 0.12   , 0.0144 ,       25,        3,       22
HFK, 0.18919, 0.03579,       37,        7,       30
HFL, 0.05263, 0.00277,       38,        2,       36
HFM, 0.1    , 0.01   ,       10,        1,        9
HFN, 0.33333, 0.11111,       15,        5,       10
HFP, 0.14286, 0.02041,       28,        4,       24
HFQ, 0.08696, 0.00756,       23,        2,       21
HFR, 0.05882, 0.00346,       17,        1,       16
HFS, 0.07692, 0.00592,       39,        3,       36
HFT, 0.05714, 0.00327,       35,        2,       33
HFV, 0.09091, 0.00826,       44,        4,       40
HFW, 0      , 0      ,       20,        0,       20
HFY, 0.375  , 0.14062,        8,        3,        5
HF_, 0.5    , 0.25   ,        2,        1,        1
HGH, 0      , 0      ,        4,        0,        4
HGI, 0.06818, 0.00465,       44,        3,       41
HGK, 0      , 0      ,       44,        0,       44
HGL, 0.06897, 0.00476,       58,        4,       54
HGM, 0.08333, 0.00694,       12,        1,       11
HGN, 0      , 0      ,       43,        0,       43
HGP, 0      , 0      ,       32,        0,       32
HGQ, 0.03125, 0.00098,       32,        1,       31
HGR, 0.05882, 0.00346,       34,        2,       32
HGS, 0.04167, 0.00174,       48,        2,       46
HGT, 0      , 0      ,       41,        0,       41
HGV, 0.07895, 0.00623,       38,        3,       35
HGW, 0.2    , 0.04   ,        5,        1,        4
HGY, 0.03571, 0.00128,       28,        1,       27
HG_, 0      , 0      ,        8,        0,        8
HHH, 0.01562, 0.00024,       64,        1,       63
HHI, 0.09524, 0.00907,       21,        2,       19
HHK, 0      , 0      ,       13,        0,       13
HHL, 0.03333, 0.00111,       30,        1,       29
HHM, 0.2    , 0.04   ,       15,        3,       12
HHN, 0      , 0      ,        8,        0,        8
HHP, 0      , 0      ,       15,        0,       15
HHQ, 0.16667, 0.02778,       12,        2,       10
HHR, 0      , 0      ,       16,        0,       16
HHS, 0.05263, 0.00277,       19,        1,       18
HHT, 0.05556, 0.00309,       18,        1,       17
HHV, 0.14286, 0.02041,       28,        4,       24
HHW, 0      , 0      ,        7,        0,        7
HHY, 0.33333, 0.11111,        9,        3,        6
HH_, 0      , 0      ,       18,        0,       18
HIH, 0      , 0      ,        3,        0,        3
HII, 0.14815, 0.02195,       27,        4,       23
HIK, 0.12903, 0.01665,       31,        4,       27
HIL, 0.07547, 0.0057 ,       53,        4,       49
HIM, 0      , 0      ,        6,        0,        6
HIN, 0.04   , 0.0016 ,       25,        1,       24
HIP, 0.09091, 0.00826,       33,        3,       30
HIQ, 0      , 0      ,       24,        0,       24
HIR, 0.07692, 0.00592,       26,        2,       24
HIS, 0.02632, 0.00069,       38,        1,       37
HIT, 0.04348, 0.00189,       23,        1,       22
HIV, 0.09677, 0.00937,       31,        3,       28
HIW, 0      , 0      ,        9,        0,        9
HIY, 0.08   , 0.0064 ,       25,        2,       23
HI_, 1      , 1      ,        1,        1,        0
HKH, 0      , 0      ,        6,        0,        6
HKI, 0.12195, 0.01487,       41,        5,       36
HKK, 0.09804, 0.00961,       51,        5,       46
HKL, 0.06897, 0.00476,       87,        6,       81
HKM, 0.04167, 0.00174,       24,        1,       23
HKN, 0.11765, 0.01384,       34,        4,       30
HKP, 0      , 0      ,       24,        0,       24
HKQ, 0.06452, 0.00416,       31,        2,       29
HKR, 0      , 0      ,       32,        0,       32
HKS, 0.02381, 0.00057,       42,        1,       41
HKT, 0.09524, 0.00907,       21,        2,       19
HKV, 0.10638, 0.01132,       47,        5,       42
HKW, 0.15385, 0.02367,       13,        2,       11
HKY, 0.03448, 0.00119,       29,        1,       28
HK_, 0      , 0      ,        4,        0,        4
HLH, 0.18182, 0.03306,       11,        2,        9
HLI, 0.08333, 0.00694,       48,        4,       44
HLK, 0.05556, 0.00309,       54,        3,       51
HLL, 0.03226, 0.00104,       93,        3,       90
HLM, 0.09091, 0.00826,       11,        1,       10
HLN, 0.0625 , 0.00391,       32,        2,       30
HLP, 0.09259, 0.00857,       54,        5,       49
HLQ, 0.0625 , 0.00391,       48,        3,       45
HLR, 0.05769, 0.00333,       52,        3,       49
HLS, 0.05882, 0.00346,       51,        3,       48
HLT, 0.07143, 0.0051 ,       42,        3,       39
HLV, 0.12857, 0.01653,       70,        9,       61
HLW, 0      , 0      ,        6,        0,        6
HLY, 0.11111, 0.01235,       27,        3,       24
HL_, 0.25   , 0.0625 ,        4,        1,        3
HMH, 0      , 0      ,        4,        0,        4
HMI, 0.08333, 0.00694,       12,        1,       11
HMK, 0      , 0      ,       14,        0,       14
HML, 0.125  , 0.01562,       32,        4,       28
HMM, 0.22222, 0.04938,        9,        2,        7
HMN, 0      , 0      ,       12,        0,       12
HMP, 0      , 0      ,       13,        0,       13
HMQ, 0      , 0      ,       15,        0,       15
HMR, 0      , 0      ,       12,        0,       12
HMS, 0.06667, 0.00444,       15,        1,       14
HMT, 0.07692, 0.00592,       13,        1,       12
HMV, 0.07143, 0.0051 ,       14,        1,       13
HMW, 0      , 0      ,        3,        0,        3
HMY, 0.66667, 0.44444,        3,        2,        1
HM_, 0      , 0      ,        4,        0,        4
HNH, 0      , 0      ,        3,        0,        3
HNI, 0.08333, 0.00694,       36,        3,       33
HNK, 0.13333, 0.01778,       30,        4,       26
HNL, 0.08333, 0.00694,       48,        4,       44
HNM, 0.125  , 0.01562,       16,        2,       14
HNN, 0.04348, 0.00189,       23,        1,       22
HNP, 0.0625 , 0.00391,       32,        2,       30
HNQ, 0      , 0      ,       27,        0,       27
HNR, 0.09091, 0.00826,       22,        2,       20
HNS, 0      , 0      ,       23,        0,       23
HNT, 0.06452, 0.00416,       31,        2,       29
HNV, 0.08108, 0.00657,       37,        3,       34
HNW, 0      , 0      ,        6,        0,        6
HNY, 0.28571, 0.08163,       21,        6,       15
HN_, 0.5    , 0.25   ,        2,        1,        1
HPH, 0      , 0      ,        6,        0,        6
HPI, 0      , 0      ,       33,        0,       33
HPK, 0      , 0      ,       39,        0,       39
HPL, 0.03922, 0.00154,       51,        2,       49
HPM, 0      , 0      ,       13,        0,       13
HPN, 0.03704, 0.00137,       27,        1,       26
HPP, 0      , 0      ,       27,        0,       27
HPQ, 0      , 0      ,       16,        0,       16
HPR, 0.05   , 0.0025 ,       20,        1,       19
HPS, 0      , 0      ,       39,        0,       39
HPT, 0.06667, 0.00444,       30,        2,       28
HPV, 0.15625, 0.02441,       32,        5,       27
HPW, 0.06667, 0.00444,       15,        1,       14
HPY, 0      , 0      ,       20,        0,       20
HP_, 0.33333, 0.11111,        3,        1,        2
HQH, 0      , 0      ,        9,        0,        9
HQI, 0.19355, 0.03746,       31,        6,       25
HQK, 0.03448, 0.00119,       29,        1,       28
HQL, 0.05405, 0.00292,       74,        4,       70
HQM, 0.2    , 0.04   ,        5,        1,        4
HQN, 0.08333, 0.00694,       12,        1,       11
HQP, 0      , 0      ,       15,        0,       15
HQQ, 0.07143, 0.0051 ,       28,        2,       26
HQR, 0.04348, 0.00189,       23,        1,       22
HQS, 0.07143, 0.0051 ,       28,        2,       26
HQT, 0      , 0      ,       18,        0,       18
HQV, 0.22857, 0.05224,       35,        8,       27
HQW, 0.14286, 0.02041,        7,        1,        6
HQY, 0.05882, 0.00346,       17,        1,       16
HQ_, 0      , 0      ,        2,        0,        2
HRH, 0.1    , 0.01   ,       10,        1,        9
HRI, 0.06977, 0.00487,       43,        3,       40
HRK, 0.05714, 0.00327,       35,        2,       33
HRL, 0.0339 , 0.00115,       59,        2,       57
HRM, 0      , 0      ,       11,        0,       11
HRN, 0.03704, 0.00137,       27,        1,       26
HRP, 0.09091, 0.00826,       33,        3,       30
HRQ, 0.04762, 0.00227,       21,        1,       20
HRR, 0.05128, 0.00263,       39,        2,       37
HRS, 0.1    , 0.01   ,       40,        4,       36
HRT, 0.11111, 0.01235,       27,        3,       24
HRV, 0.08889, 0.0079 ,       45,        4,       41
HRW, 0.22222, 0.04938,        9,        2,        7
HRY, 0.05263, 0.00277,       38,        2,       36
HR_, 0      , 0      ,        2,        0,        2
HSH, 0      , 0      ,        5,        0,        5
HSI, 0.08333, 0.00694,       36,        3,       33
HSK, 0      , 0      ,       39,        0,       39
HSL, 0.03704, 0.00137,       81,        3,       78
HSM, 0      , 0      ,       20,        0,       20
HSN, 0.02941, 0.00087,       34,        1,       33
HSP, 0      , 0      ,       38,        0,       38
HSQ, 0      , 0      ,       37,        0,       37
HSR, 0.05263, 0.00277,       38,        2,       36
HSS, 0.15686, 0.02461,       51,        8,       43
HST, 0.06452, 0.00416,       31,        2,       29
HSV, 0.07018, 0.00492,       57,        4,       53
HSW, 0.09091, 0.00826,       11,        1,       10
HSY, 0.19231, 0.03698,       26,        5,       21
HS_, 0      , 0      ,       10,        0,       10
HTH, 0      , 0      ,       11,        0,       11
HTI, 0.03125, 0.00098,       32,        1,       31
HTK, 0.02703, 0.00073,       37,        1,       36
HTL, 0.03922, 0.00154,       51,        2,       49
HTM, 0      , 0      ,       15,        0,       15
HTN, 0.04   , 0.0016 ,       25,        1,       24
HTP, 0      , 0      ,       26,        0,       26
HTQ, 0      , 0      ,       18,        0,       18
HTR, 0.09524, 0.00907,       21,        2,       19
HTS, 0.04167, 0.00174,       24,        1,       23
HTT, 0.02857, 0.00082,       35,        1,       34
HTV, 0.05128, 0.00263,       39,        2,       37
HTW, 0      , 0      ,        8,        0,        8
HTY, 0.15789, 0.02493,       19,        3,       16
HT_, 0      , 0      ,        2,        0,        2
HVH, 0      , 0      ,        3,        0,        3
HVI, 0      , 0      ,       26,        0,       26
HVK, 0      , 0      ,       31,        0,       31
HVL, 0.05085, 0.00259,       59,        3,       56
HVM, 0      , 0      ,       16,        0,       16
HVN, 0.04545, 0.00207,       22,        1,       21
HVP, 0.13889, 0.01929,       36,        5,       31
HVQ, 0.07407, 0.00549,       27,        2,       25
HVR, 0.04   , 0.0016 ,       25,        1,       24
HVS, 0.09091, 0.00826,       44,        4,       40
HVT, 0      , 0      ,       32,        0,       32
HVV, 0.07317, 0.00535,       41,        3,       38
HVW, 0.28571, 0.08163,        7,        2,        5
HVY, 0.1    , 0.01   ,       20,        2,       18
HV_, 0      , 0      ,        3,        0,        3
HWH, 0      , 0      ,        5,        0,        5
HWI, 0      , 0      ,        8,        0,        8
HWK, 0.2    , 0.04   ,       10,        2,        8
HWL, 0      , 0      ,       10,        0,       10
HWM, 0      , 0      ,        7,        0,        7
HWN, 0      , 0      ,        6,        0,        6
HWP, 0.09091, 0.00826,       11,        1,       10
HWQ, 0      , 0      ,        2,        0,        2
HWR, 0.6    , 0.36   ,        5,        3,        2
HWS, 0.2    , 0.04   ,       10,        2,        8
HWT, 0.1875 , 0.03516,       16,        3,       13
HWV, 0.4    , 0.16   ,        5,        2,        3
HWW, 0      , 0      ,        3,        0,        3
HWY, 0.25   , 0.0625 ,        8,        2,        6
HYH, 0      , 0      ,        4,        0,        4
HYI, 0.07143, 0.0051 ,       28,        2,       26
HYK, 0.1    , 0.01   ,       30,        3,       27
HYL, 0.15909, 0.02531,       44,        7,       37
HYM, 0.1    , 0.01   ,       10,        1,        9
HYN, 0.13636, 0.0186 ,       22,        3,       19
HYP, 0.09091, 0.00826,       22,        2,       20
HYQ, 0.125  , 0.01562,       16,        2,       14
HYR, 0.26667, 0.07111,       15,        4,       11
HYS, 0.05714, 0.00327,       35,        2,       33
HYT, 0.2381 , 0.05669,       21,        5,       16
HYV, 0.03571, 0.00128,       28,        1,       27
HYW, 0      , 0      ,       12,        0,       12
HYY, 0.18182, 0.03306,       22,        4,       18
HY_, 0      , 0      ,        1,        0,        1
IAI, 0.06897, 0.00476,       29,        2,       27
IAK, 0.04762, 0.00227,      105,        5,      100
IAL, 0.08182, 0.00669,      110,        9,      101
IAM, 0.05882, 0.00346,       34,        2,       32
IAN, 0.04301, 0.00185,       93,        4,       89
IAP, 0.01754, 0.00031,       57,        1,       56
IAQ, 0.10526, 0.01108,       76,        8,       68
IAR, 0.03797, 0.00144,       79,        3,       76
IAS, 0.04386, 0.00192,      114,        5,      109
IAT, 0.08861, 0.00785,       79,        7,       72
IAV, 0.07407, 0.00549,       81,        6,       75
IAW, 0.11111, 0.01235,        9,        1,        8
IAY, 0.10526, 0.01108,       38,        4,       34
IA_, 0      , 0      ,        6,        0,        6
ICI, 0.33333, 0.11111,        6,        2,        4
ICK, 0.03226, 0.00104,       31,        1,       30
ICL, 0.09375, 0.00879,       32,        3,       29
ICM, 0.11111, 0.01235,        9,        1,        8
ICN, 0.05556, 0.00309,       18,        1,       17
ICP, 0.04762, 0.00227,       21,        1,       20
ICQ, 0.14286, 0.02041,       28,        4,       24
ICR, 0.04762, 0.00227,       21,        1,       20
ICS, 0.05263, 0.00277,       19,        1,       18
ICT, 0      , 0      ,       20,        0,       20
ICV, 0.08696, 0.00756,       23,        2,       21
ICW, 0      , 0      ,        4,        0,        4
ICY, 0.36364, 0.13223,       11,        4,        7
IC_, 0      , 0      ,        1,        0,        1
IDI, 0.04545, 0.00207,       44,        2,       42
IDK, 0.04054, 0.00164,      148,        6,      142
IDL, 0.06215, 0.00386,      177,       11,      166
IDM, 0      , 0      ,       40,        0,       40
IDN, 0.04706, 0.00221,       85,        4,       81
IDP, 0.03226, 0.00104,       93,        3,       90
IDQ, 0.05797, 0.00336,       69,        4,       65
IDR, 0.04717, 0.00222,      106,        5,      101
IDS, 0.08108, 0.00657,      111,        9,      102
IDT, 0.02913, 0.00085,      103,        3,      100
IDV, 0.04412, 0.00195,      136,        6,      130
IDW, 0.06061, 0.00367,       33,        2,       31
IDY, 0.04478, 0.002  ,       67,        3,       64
ID_, 0      , 0      ,        3,        0,        3
IEI, 0.02857, 0.00082,       35,        1,       34
IEK, 0.05096, 0.0026 ,      157,        8,      149
IEL, 0.09375, 0.00879,      192,       18,      174
IEM, 0.02326, 0.00054,       43,        1,       42
IEN, 0.04396, 0.00193,       91,        4,       87
IEP, 0.04444, 0.00198,       90,        4,       86
IEQ, 0.03191, 0.00102,       94,        3,       91
IER, 0.0292 , 0.00085,      137,        4,      133
IES, 0.07634, 0.00583,      131,       10,      121
IET, 0.05405, 0.00292,       74,        4,       70
IEV, 0.03623, 0.00131,      138,        5,      133
IEW, 0.08824, 0.00779,       34,        3,       31
IEY, 0.09524, 0.00907,       63,        6,       57
IE_, 0      , 0      ,        5,        0,        5
IFI, 0      , 0      ,       23,        0,       23
IFK, 0.09211, 0.00848,       76,        7,       69
IFL, 0.08621, 0.00743,       58,        5,       53
IFM, 0.14286, 0.02041,       14,        2,       12
IFN, 0.11475, 0.01317,       61,        7,       54
IFP, 0.07692, 0.00592,       39,        3,       36
IFQ, 0.13462, 0.01812,       52,        7,       45
IFR, 0.10909, 0.0119 ,       55,        6,       49
IFS, 0.08696, 0.00756,       69,        6,       63
IFT, 0.10769, 0.0116 ,       65,        7,       58
IFV, 0.0566 , 0.0032 ,       53,        3,       50
IFW, 0      , 0      ,        9,        0,        9
IFY, 0.175  , 0.03062,       40,        7,       33
IF_, 0.2    , 0.04   ,        5,        1,        4
IGI, 0.17857, 0.03189,       28,        5,       23
IGK, 0.02273, 0.00052,       88,        2,       86
IGL, 0.06034, 0.00364,      116,        7,      109
IGM, 0.08   , 0.0064 ,       25,        2,       23
IGN, 0.05479, 0.003  ,       73,        4,       69
IGP, 0.01887, 0.00036,       53,        1,       52
IGQ, 0.04478, 0.002  ,       67,        3,       64
IGR, 0.08235, 0.00678,       85,        7,       78
IGS, 0.04255, 0.00181,       94,        4,       90
IGT, 0.04396, 0.00193,       91,        4,       87
IGV, 0.03077, 0.00095,       65,        2,       63
IGW, 0.1    , 0.01   ,       20,        2,       18
IGY, 0.0625 , 0.00391,       48,        3,       45
IG_, 0      , 0      ,       10,        0,       10
IHI, 0.05263, 0.00277,       19,        1,       18
IHK, 0.07273, 0.00529,       55,        4,       51
IHL, 0.03774, 0.00142,       53,        2,       51
IHM, 0      , 0      ,        7,        0,        7
IHN, 0.04878, 0.00238,       41,        2,       39
IHP, 0.07692, 0.00592,       39,        3,       36
IHQ, 0.08108, 0.00657,       37,        3,       34
IHR, 0.02381, 0.00057,       42,        1,       41
IHS, 0.21311, 0.04542,       61,       13,       48
IHT, 0.125  , 0.01562,       48,        6,       42
IHV, 0.08108, 0.00657,       37,        3,       34
IHW, 0.14286, 0.02041,        7,        1,        6
IHY, 0.07407, 0.00549,       27,        2,       25
IH_, 0      , 0      ,        2,        0,        2
III, 0      , 0      ,       14,        0,       14
IIK, 0.06481, 0.0042 ,      108,        7,      101
IIL, 0.04545, 0.00207,       66,        3,       63
IIM, 0.07407, 0.00549,       27,        2,       25
IIN, 0.07317, 0.00535,       82,        6,       76
IIP, 0.09524, 0.00907,       63,        6,       57
IIQ, 0.06   , 0.0036 ,       50,        3,       47
IIR, 0.07407, 0.00549,       54,        4,       50
IIS, 0.10976, 0.01205,       82,        9,       73
IIT, 0.11321, 0.01282,       53,        6,       47
IIV, 0.04167, 0.00174,       72,        3,       69
IIW, 0.06667, 0.00444,       15,        1,       14
IIY, 0.04762, 0.00227,       21,        1,       20
IKI, 0.06   , 0.0036 ,       50,        3,       47
IKK, 0.07317, 0.00535,      164,       12,      152
IKL, 0.04225, 0.00179,      142,        6,      136
IKM, 0.09091, 0.00826,       44,        4,       40
IKN, 0.0885 , 0.00783,      113,       10,      103
IKP, 0.02299, 0.00053,       87,        2,       85
IKQ, 0.05319, 0.00283,       94,        5,       89
IKR, 0.02062, 0.00043,       97,        2,       95
IKS, 0.06154, 0.00379,      130,        8,      122
IKT, 0.04167, 0.00174,       96,        4,       92
IKV, 0.07914, 0.00626,      139,       11,      128
IKW, 0.10714, 0.01148,       28,        3,       25
IKY, 0.04762, 0.00227,       63,        3,       60
IK_, 0.1    , 0.01   ,       10,        1,        9
ILI, 0.05714, 0.00327,       35,        2,       33
ILK, 0.07097, 0.00504,      155,       11,      144
ILL, 0.08661, 0.0075 ,      127,       11,      116
ILM, 0      , 0      ,       18,        0,       18
ILN, 0.05085, 0.00259,      118,        6,      112
ILP, 0.08772, 0.00769,      114,       10,      104
ILQ, 0.06452, 0.00416,       93,        6,       87
ILR, 0.09184, 0.00843,       98,        9,       89
ILS, 0.07639, 0.00584,      144,       11,      133
ILT, 0.07273, 0.00529,      110,        8,      102
ILV, 0.04   , 0.0016 ,      100,        4,       96
ILW, 0.04762, 0.00227,       21,        1,       20
ILY, 0.11111, 0.01235,       63,        7,       56
IL_, 0.14286, 0.02041,        7,        1,        6
IMI, 0.07143, 0.0051 ,       14,        1,       13
IMK, 0.125  , 0.01562,       48,        6,       42
IML, 0.1    , 0.01   ,       30,        3,       27
IMM, 0.06667, 0.00444,       15,        1,       14
IMN, 0.08696, 0.00756,       23,        2,       21
IMP, 0.08   , 0.0064 ,       25,        2,       23
IMQ, 0.26923, 0.07249,       26,        7,       19
IMR, 0.07143, 0.0051 ,       28,        2,       26
IMS, 0.05   , 0.0025 ,       20,        1,       19
IMT, 0.08333, 0.00694,       24,        2,       22
IMV, 0.13333, 0.01778,       15,        2,       13
IMW, 0      , 0      ,        7,        0,        7
IMY, 0.14286, 0.02041,       21,        3,       18
IM_, 0      , 0      ,        7,        0,        7
INI, 0.125  , 0.01562,       40,        5,       35
INK, 0.05556, 0.00309,      108,        6,      102
INL, 0.05785, 0.00335,      121,        7,      114
INM, 0.1    , 0.01   ,       40,        4,       36
INN, 0.05376, 0.00289,       93,        5,       88
INP, 0.06757, 0.00457,       74,        5,       69
INQ, 0.04688, 0.0022 ,       64,        3,       61
INR, 0.05128, 0.00263,       78,        4,       74
INS, 0.04854, 0.00236,      103,        5,       98
INT, 0.0641 , 0.00411,       78,        5,       73
INV, 0.10784, 0.01163,      102,       11,       91
INW, 0.08696, 0.00756,       23,        2,       21
INY, 0.1129 , 0.01275,       62,        7,       55
IN_, 0      , 0      ,        1,        0,        1
IPI, 0.06818, 0.00465,       44,        3,       41
IPK, 0.04938, 0.00244,       81,        4,       77
IPL, 0.024  , 0.00058,      125,        3,      122
IPM, 0.13636, 0.0186 ,       22,        3,       19
IPN, 0.01786, 0.00032,       56,        1,       55
IPP, 0      , 0      ,       66,        0,       66
IPQ, 0.04   , 0.0016 ,       50,        2,       48
IPR, 0.04938, 0.00244,       81,        4,       77
IPS, 0.08911, 0.00794,      101,        9,       92
IPT, 0.02778, 0.00077,       72,        2,       70
IPV, 0.09259, 0.00857,      108,       10,       98
IPW, 0.09091, 0.00826,       11,        1,       10
IPY, 0.06667, 0.00444,       45,        3,       42
IP_, 0      , 0      ,        6,        0,        6
IQI, 0.03333, 0.00111,       30,        1,       29
IQK, 0.05376, 0.00289,       93,        5,       88
IQL, 0.08911, 0.00794,      101,        9,       92
IQM, 0      , 0      ,       24,        0,       24
IQN, 0.02597, 0.00067,       77,        2,       75
IQP, 0.08   , 0.0064 ,       50,        4,       46
IQQ, 0.02353, 0.00055,       85,        2,       83
IQR, 0.09677, 0.00937,       62,        6,       56
IQS, 0.09278, 0.00861,       97,        9,       88
IQT, 0.10345, 0.0107 ,       58,        6,       52
IQV, 0.01449, 0.00021,       69,        1,       68
IQW, 0.07692, 0.00592,       13,        1,       12
IQY, 0.08333, 0.00694,       36,        3,       33
IQ_, 0      , 0      ,        5,        0,        5
IRI, 0.14286, 0.02041,       42,        6,       36
IRK, 0.08333, 0.00694,      132,       11,      121
IRL, 0.05691, 0.00324,      123,        7,      116
IRM, 0.13333, 0.01778,       45,        6,       39
IRN, 0.15584, 0.02429,       77,       12,       65
IRP, 0.07692, 0.00592,       78,        6,       72
IRQ, 0.08861, 0.00785,       79,        7,       72
IRR, 0.08235, 0.00678,       85,        7,       78
IRS, 0.07563, 0.00572,      119,        9,      110
IRT, 0.10145, 0.01029,       69,        7,       62
IRV, 0.05495, 0.00302,       91,        5,       86
IRW, 0.07143, 0.0051 ,       14,        1,       13
IRY, 0.16129, 0.02601,       62,       10,       52
IR_, 0      , 0      ,        2,        0,        2
ISI, 0.14286, 0.02041,       49,        7,       42
ISK, 0.06349, 0.00403,      126,        8,      118
ISL, 0.06338, 0.00402,      142,        9,      133
ISM, 0.08696, 0.00756,       46,        4,       42
ISN, 0.05882, 0.00346,       85,        5,       80
ISP, 0.06522, 0.00425,       92,        6,       86
ISQ, 0.05556, 0.00309,       90,        5,       85
ISR, 0.09615, 0.00925,      104,       10,       94
ISS, 0.05932, 0.00352,      118,        7,      111
IST, 0.04167, 0.00174,       96,        4,       92
ISV, 0.06316, 0.00399,       95,        6,       89
ISW, 0      , 0      ,       19,        0,       19
ISY, 0.10843, 0.01176,       83,        9,       74
IS_, 0.25   , 0.0625 ,        4,        1,        3
ITI, 0.02326, 0.00054,       43,        1,       42
ITK, 0.03509, 0.00123,      114,        4,      110
ITL, 0.06   , 0.0036 ,      150,        9,      141
ITM, 0.075  , 0.00562,       40,        3,       37
ITN, 0.05195, 0.0027 ,       77,        4,       73
ITP, 0.07447, 0.00555,       94,        7,       87
ITQ, 0.03226, 0.00104,       62,        2,       60
ITR, 0.06329, 0.00401,       79,        5,       74
ITS, 0.0396 , 0.00157,      101,        4,       97
ITT, 0.08046, 0.00647,       87,        7,       80
ITV, 0.05385, 0.0029 ,      130,        7,      123
ITW, 0.04545, 0.00207,       22,        1,       21
ITY, 0.05479, 0.003  ,       73,        4,       69
IT_, 0      , 0      ,        2,        0,        2
IVI, 0.03333, 0.00111,       30,        1,       29
IVK, 0.05607, 0.00314,      107,        6,      101
IVL, 0.05319, 0.00283,       94,        5,       89
IVM, 0.22727, 0.05165,       22,        5,       17
IVN, 0.07317, 0.00535,       82,        6,       76
IVP, 0.0375 , 0.00141,       80,        3,       77
IVQ, 0.07937, 0.0063 ,       63,        5,       58
IVR, 0.06977, 0.00487,       86,        6,       80
IVS, 0.04854, 0.00236,      103,        5,       98
IVT, 0.04598, 0.00211,       87,        4,       83
IVV, 0.07576, 0.00574,       66,        5,       61
IVW, 0      , 0      ,       11,        0,       11
IVY, 0.125  , 0.01562,       24,        3,       21
IV_, 0      , 0      ,        4,        0,        4
IWI, 0.09091, 0.00826,       11,        1,       10
IWK, 0.04167, 0.00174,       24,        1,       23
IWL, 0.09091, 0.00826,       22,        2,       20
IWM, 0.08333, 0.00694,       12,        1,       11
IWN, 0      , 0      ,       14,        0,       14
IWP, 0.09524, 0.00907,       21,        2,       19
IWQ, 0.08333, 0.00694,       12,        1,       11
IWR, 0      , 0      ,       12,        0,       12
IWS, 0      , 0      ,       15,        0,       15
IWT, 0.13333, 0.01778,       30,        4,       26
IWV, 0      , 0      ,       17,        0,       17
IWW, 0      , 0      ,        3,        0,        3
IWY, 0.33333, 0.11111,        9,        3,        6
IYI, 0.21739, 0.04726,       23,        5,       18
IYK, 0.15873, 0.0252 ,       63,       10,       53
IYL, 0.14286, 0.02041,       70,       10,       60
IYM, 0.04167, 0.00174,       24,        1,       23
IYN, 0.12162, 0.01479,       74,        9,       65
IYP, 0.1    , 0.01   ,       50,        5,       45
IYQ, 0.07317, 0.00535,       41,        3,       38
IYR, 0.12698, 0.01612,       63,        8,       55
IYS, 0.15854, 0.02513,       82,       13,       69
IYT, 0.17073, 0.02915,       41,        7,       34
IYV, 0.10204, 0.01041,       49,        5,       44
IYW, 0      , 0      ,        7,        0,        7
IYY, 0.12821, 0.01644,       39,        5,       34
IY_, 0      , 0      ,        3,        0,        3
KAK, 0.03226, 0.00104,       62,        2,       60
KAL, 0.0404 , 0.00163,      198,        8,      190
KAM, 0.01587, 0.00025,       63,        1,       62
KAN, 0.04938, 0.00244,       81,        4,       77
KAP, 0.01389, 0.00019,       72,        1,       71
KAQ, 0.01613, 0.00026,       62,        1,       61
KAR, 0.02326, 0.00054,       86,        2,       84
KAS, 0.03529, 0.00125,       85,        3,       82
KAT, 0.02273, 0.00052,       88,        2,       86
KAV, 0.07143, 0.0051 ,      126,        9,      117
KAW, 0      , 0      ,       12,        0,       12
KAY, 0.06122, 0.00375,       49,        3,       46
KA_, 0      , 0      ,       16,        0,       16
KCK, 0      , 0      ,       15,        0,       15
KCL, 0.07143, 0.0051 ,       42,        3,       39
KCM, 0.09091, 0.00826,       11,        1,       10
KCN, 0      , 0      ,       14,        0,       14
KCP, 0.07143, 0.0051 ,       28,        2,       26
KCQ, 0      , 0      ,       18,        0,       18
KCR, 0.04167, 0.00174,       24,        1,       23
KCS, 0      , 0      ,       24,        0,       24
KCT, 0      , 0      ,       15,        0,       15
KCV, 0.03571, 0.00128,       28,        1,       27
KCY, 0.07692, 0.00592,       13,        1,       12
KC_, 0      , 0      ,        2,        0,        2
KDK, 0.01562, 0.00024,       64,        1,       63
KDL, 0.01818, 0.00033,      220,        4,      216
KDM, 0.06977, 0.00487,       43,        3,       40
KDN, 0.0177 , 0.00031,      113,        2,      111
KDP, 0.04854, 0.00236,      103,        5,       98
KDQ, 0.03333, 0.00111,       60,        2,       58
KDR, 0.04651, 0.00216,       86,        4,       82
KDS, 0.04688, 0.0022 ,      128,        6,      122
KDT, 0.02679, 0.00072,      112,        3,      109
KDV, 0.05   , 0.0025 ,      120,        6,      114
KDW, 0.13793, 0.01902,       29,        4,       25
KDY, 0.05556, 0.00309,       90,        5,       85
KD_, 0      , 0      ,       12,        0,       12
KEK, 0.01031, 0.00011,       97,        1,       96
KEL, 0.02907, 0.00085,      344,       10,      334
KEM, 0.01493, 0.00022,       67,        1,       66
KEN, 0.02479, 0.00061,      121,        3,      118
KEP, 0      , 0      ,       87,        0,       87
KEQ, 0.02857, 0.00082,      105,        3,      102
KER, 0.0614 , 0.00377,      114,        7,      107
KES, 0.02239, 0.0005 ,      134,        3,      131
KET, 0.04386, 0.00192,      114,        5,      109
KEV, 0.05473, 0.00299,      201,       11,      190
KEW, 0.05405, 0.00292,       37,        2,       35
KEY, 0.02083, 0.00043,       96,        2,       94
KE_, 0.15385, 0.02367,       13,        2,       11
KFK, 0      , 0      ,       30,        0,       30
KFL, 0.11579, 0.01341,       95,       11,       84
KFM, 0.29167, 0.08507,       24,        7,       17
KFN, 0.07143, 0.0051 ,       70,        5,       65
KFP, 0.20408, 0.04165,       49,       10,       39
KFQ, 0.04651, 0.00216,       43,        2,       41
KFR, 0.18182, 0.03306,       44,        8,       36
KFS, 0.07812, 0.0061 ,       64,        5,       59
KFT, 0.08772, 0.00769,       57,        5,       52
KFV, 0.10606, 0.01125,       66,        7,       59
KFW, 0      , 0      ,       13,        0,       13
KFY, 0.21667, 0.04694,       60,       13,       47
KF_, 0      , 0      ,        2,        0,        2
KGK, 0.05195, 0.0027 ,       77,        4,       73
KGL, 0.03472, 0.00121,      144,        5,      139
KGM, 0.08889, 0.0079 ,       45,        4,       41
KGN, 0.03306, 0.00109,      121,        4,      117
KGP, 0.01429, 0.0002 ,       70,        1,       69
KGQ, 0.01351, 0.00018,       74,        1,       73
KGR, 0.05   , 0.0025 ,       80,        4,       76
KGS, 0.02326, 0.00054,      129,        3,      126
KGT, 0.02459, 0.0006 ,      122,        3,      119
KGV, 0.05607, 0.00314,      107,        6,      101
KGW, 0.05882, 0.00346,       17,        1,       16
KGY, 0.01205, 0.00015,       83,        1,       82
KG_, 0      , 0      ,       13,        0,       13
KHK, 0.05263, 0.00277,       19,        1,       18
KHL, 0.10667, 0.01138,       75,        8,       67
KHM, 0.03846, 0.00148,       26,        1,       25
KHN, 0.03226, 0.00104,       31,        1,       30
KHP, 0.03333, 0.00111,       30,        1,       29
KHQ, 0.1    , 0.01   ,       20,        2,       18
KHR, 0.03226, 0.00104,       31,        1,       30
KHS, 0.04545, 0.00207,       44,        2,       42
KHT, 0.08696, 0.00756,       23,        2,       21
KHV, 0.14   , 0.0196 ,       50,        7,       43
KHW, 0      , 0      ,        7,        0,        7
KHY, 0.2    , 0.04   ,       35,        7,       28
KH_, 0      , 0      ,        4,        0,        4
KIK, 0.08772, 0.00769,       57,        5,       52
KIL, 0.08088, 0.00654,      136,       11,      125
KIM, 0.0303 , 0.00092,       33,        1,       32
KIN, 0.10667, 0.01138,       75,        8,       67
KIP, 0.01351, 0.00018,       74,        1,       73
KIQ, 0.05   , 0.0025 ,       60,        3,       57
KIR, 0.03659, 0.00134,       82,        3,       79
KIS, 0.09091, 0.00826,       88,        8,       80
KIT, 0.04478, 0.002  ,       67,        3,       64
KIV, 0.04082, 0.00167,       98,        4,       94
KIW, 0.26667, 0.07111,       15,        4,       11
KIY, 0.11321, 0.01282,       53,        6,       47
KI_, 0      , 0      ,        7,        0,        7
KKK, 0.05405, 0.00292,       74,        4,       70
KKL, 0.04762, 0.00227,      273,       13,      260
KKM, 0.04918, 0.00242,       61,        3,       58
KKN, 0.02128, 0.00045,       94,        2,       92
KKP, 0.0597 , 0.00356,       67,        4,       63
KKQ, 0.04545, 0.00207,       66,        3,       63
KKR, 0.03571, 0.00128,       84,        3,       81
KKS, 0.02174, 0.00047,       92,        2,       90
KKT, 0.02941, 0.00087,      102,        3,       99
KKV, 0.03822, 0.00146,      157,        6,      151
KKW, 0.04348, 0.00189,       46,        2,       44
KKY, 0.06977, 0.00487,       86,        6,       80
KK_, 0.05   , 0.0025 ,       20,        1,       19
KLK, 0.09783, 0.00957,       92,        9,       83
KLL, 0.10219, 0.01044,      274,       28,      246
KLM, 0.05556, 0.00309,       54,        3,       51
KLN, 0.04762, 0.00227,      147,        7,      140
KLP, 0.02804, 0.00079,      107,        3,      104
KLQ, 0.08333, 0.00694,      120,       10,      110
KLR, 0.03279, 0.00107,      122,        4,      118
KLS, 0.07432, 0.00552,      148,       11,      137
KLT, 0.06207, 0.00385,      145,        9,      136
KLV, 0.06704, 0.00449,      179,       12,      167
KLW, 0.11538, 0.01331,       26,        3,       23
KLY, 0.09091, 0.00826,       99,        9,       90
KL_, 0      , 0      ,       13,        0,       13
KMK, 0.21429, 0.04592,       28,        6,       22
KML, 0.03333, 0.00111,       60,        2,       58
KMM, 0.15789, 0.02493,       19,        3,       16
KMN, 0.11538, 0.01331,       26,        3,       23
KMP, 0.04762, 0.00227,       21,        1,       20
KMQ, 0.07143, 0.0051 ,       28,        2,       26
KMR, 0.08696, 0.00756,       23,        2,       21
KMS, 0.04651, 0.00216,       43,        2,       41
KMT, 0.05882, 0.00346,       34,        2,       32
KMV, 0      , 0      ,       34,        0,       34
KMW, 0      , 0      ,        5,        0,        5
KMY, 0.05882, 0.00346,       17,        1,       16
KM_, 0      , 0      ,       20,        0,       20
KNK, 0      , 0      ,       55,        0,       55
KNL, 0.0303 , 0.00092,      165,        5,      160
KNM, 0.02222, 0.00049,       45,        1,       44
KNN, 0.05556, 0.00309,       72,        4,       68
KNP, 0.06452, 0.00416,       62,        4,       58
KNQ, 0.01639, 0.00027,       61,        1,       60
KNR, 0.03125, 0.00098,       64,        2,       62
KNS, 0.05435, 0.00295,       92,        5,       87
KNT, 0.05882, 0.00346,       68,        4,       64
KNV, 0.06481, 0.0042 ,      108,        7,      101
KNW, 0.07143, 0.0051 ,       28,        2,       26
KNY, 0.08065, 0.0065 ,       62,        5,       57
KN_, 0      , 0      ,        8,        0,        8
KPK, 0      , 0      ,       33,        0,       33
KPL, 0.04225, 0.00179,      142,        6,      136
KPM, 0.06452, 0.00416,       31,        2,       29
KPN, 0.05   , 0.0025 ,       60,        3,       57
KPP, 0.01852, 0.00034,       54,        1,       53
KPQ, 0.05128, 0.00263,       39,        2,       37
KPR, 0.04918, 0.00242,       61,        3,       58
KPS, 0.02597, 0.00067,       77,        2,       75
KPT, 0.06944, 0.00482,       72,        5,       67
KPV, 0.01869, 0.00035,      107,        2,      105
KPW, 0.06667, 0.00444,       15,        1,       14
KPY, 0      , 0      ,       48,        0,       48
KP_, 0      , 0      ,       11,        0,       11
KQK, 0.05882, 0.00346,       34,        2,       32
KQL, 0.04965, 0.00246,      141,        7,      134
KQM, 0.14706, 0.02163,       34,        5,       29
KQN, 0.02381, 0.00057,       42,        1,       41
KQP, 0.02564, 0.00066,       39,        1,       38
KQQ, 0.01493, 0.00022,       67,        1,       66
KQR, 0.02083, 0.00043,       48,        1,       47
KQS, 0.06329, 0.00401,       79,        5,       74
KQT, 0.04082, 0.00167,       49,        2,       47
KQV, 0.06742, 0.00454,       89,        6,       83
KQW, 0.05   , 0.0025 ,       20,        1,       19
KQY, 0.08333, 0.00694,       48,        4,       44
KQ_, 0      , 0      ,        7,        0,        7
KRK, 0.05455, 0.00298,       55,        3,       52
KRL, 0.02424, 0.00059,      165,        4,      161
KRM, 0.0625 , 0.00391,       48,        3,       45
KRN, 0.13462, 0.01812,       52,        7,       45
KRP, 0.03846, 0.00148,       52,        2,       50
KRQ, 0.06383, 0.00407,       47,        3,       44
KRR, 0.04598, 0.00211,       87,        4,       83
KRS, 0.12644, 0.01599,       87,       11,       76
KRT, 0.07059, 0.00498,       85,        6,       79
KRV, 0.06931, 0.0048 ,      101,        7,       94
KRW, 0.11429, 0.01306,       35,        4,       31
KRY, 0.0678 , 0.0046 ,       59,        4,       55
KR_, 0.125  , 0.01562,       16,        2,       14
KSK, 0.03636, 0.00132,       55,        2,       53
KSL, 0.02688, 0.00072,      186,        5,      181
KSM, 0.05263, 0.00277,       38,        2,       36
KSN, 0.07042, 0.00496,       71,        5,       66
KSP, 0.02247, 0.0005 ,       89,        2,       87
KSQ, 0.01852, 0.00034,       54,        1,       53
KSR, 0.03704, 0.00137,       81,        3,       78
KSS, 0.03093, 0.00096,       97,        3,       94
KST, 0.04255, 0.00181,       94,        4,       90
KSV, 0.01   , 0.0001 ,      100,        1,       99
KSW, 0      , 0      ,       21,        0,       21
KSY, 0.04054, 0.00164,       74,        3,       71
KS_, 0      , 0      ,       13,        0,       13
KTK, 0      , 0      ,       47,        0,       47
KTL, 0.05556, 0.00309,      198,       11,      187
KTM, 0.03125, 0.00098,       32,        1,       31
KTN, 0.06944, 0.00482,       72,        5,       67
KTP, 0.01099, 0.00012,       91,        1,       90
KTQ, 0.04918, 0.00242,       61,        3,       58
KTR, 0.04348, 0.00189,       69,        3,       66
KTS, 0.0375 , 0.00141,       80,        3,       77
KTT, 0.07527, 0.00567,       93,        7,       86
KTV, 0.08772, 0.00769,      114,       10,      104
KTW, 0      , 0      ,       25,        0,       25
KTY, 0.05479, 0.003  ,       73,        4,       69
KT_, 0      , 0      ,        5,        0,        5
KVK, 0.12069, 0.01457,       58,        7,       51
KVL, 0.05164, 0.00267,      213,       11,      202
KVM, 0.15385, 0.02367,       39,        6,       33
KVN, 0.0625 , 0.00391,       80,        5,       75
KVP, 0.03896, 0.00152,       77,        3,       74
KVQ, 0.04167, 0.00174,       48,        2,       46
KVR, 0.06329, 0.00401,       79,        5,       74
KVS, 0.05932, 0.00352,      118,        7,      111
KVT, 0.03774, 0.00142,      106,        4,      102
KVV, 0.06849, 0.00469,      146,       10,      136
KVW, 0.11538, 0.01331,       26,        3,       23
KVY, 0.05769, 0.00333,       52,        3,       49
KV_, 0      , 0      ,        3,        0,        3
KWK, 0.35714, 0.12755,       14,        5,        9
KWL, 0.12903, 0.01665,       31,        4,       27
KWM, 0.09091, 0.00826,       11,        1,       10
KWN, 0.09524, 0.00907,       21,        2,       19
KWP, 0      , 0      ,        9,        0,        9
KWQ, 0.10526, 0.01108,       19,        2,       17
KWR, 0.4    , 0.16   ,       20,        8,       12
KWS, 0.04348, 0.00189,       23,        1,       22
KWT, 0.18182, 0.03306,       11,        2,        9
KWV, 0.22857, 0.05224,       35,        8,       27
KWW, 0.1    , 0.01   ,       10,        1,        9
KWY, 0.10526, 0.01108,       19,        2,       17
KW_, 0      , 0      ,        2,        0,        2
KYK, 0.025  , 0.00063,       40,        1,       39
KYL, 0.07692, 0.00592,       91,        7,       84
KYM, 0.04545, 0.00207,       22,        1,       21
KYN, 0.12698, 0.01612,       63,        8,       55
KYP, 0.08333, 0.00694,       36,        3,       33
KYQ, 0.03448, 0.00119,       58,        2,       56
KYR, 0.17391, 0.03025,       69,       12,       57
KYS, 0.02469, 0.00061,       81,        2,       79
KYT, 0.10909, 0.0119 ,       55,        6,       49
KYV, 0.04545, 0.00207,       66,        3,       63
KYW, 0.05882, 0.00346,       17,        1,       16
KYY, 0.15942, 0.02541,       69,       11,       58
LAL, 0.04902, 0.0024 ,      102,        5,       97
LAM, 0.04   , 0.0016 ,       50,        2,       48
LAN, 0.04   , 0.0016 ,      125,        5,      120
LAP, 0.1    , 0.01   ,      150,       15,      135
LAQ, 0.04813, 0.00232,      187,        9,      178
LAR, 0.03356, 0.00113,      149,        5,      144
LAS, 0.03646, 0.00133,      192,        7,      185
LAT, 0.0625 , 0.00391,      144,        9,      135
LAV, 0.05369, 0.00288,      149,        8,      141
LAW, 0.05263, 0.00277,       38,        2,       36
LAY, 0.07547, 0.0057 ,       53,        4,       49
LA_, 0      , 0      ,        9,        0,        9
LCL, 0.09677, 0.00937,       31,        3,       28
LCM, 0      , 0      ,        7,        0,        7
LCN, 0.06897, 0.00476,       29,        2,       27
LCP, 0.10345, 0.0107 ,       29,        3,       26
LCQ, 0.0303 , 0.00092,       33,        1,       32
LCR, 0.02174, 0.00047,       46,        1,       45
LCS, 0.05556, 0.00309,       36,        2,       34
LCT, 0.05   , 0.0025 ,       40,        2,       38
LCV, 0.0625 , 0.00391,       32,        2,       30
LCW, 0      , 0      ,        2,        0,        2
LCY, 0      , 0      ,       25,        0,       25
LC_, 0      , 0      ,        3,        0,        3
LDL, 0.06604, 0.00436,      106,        7,       99
LDM, 0.07463, 0.00557,       67,        5,       62
LDN, 0.02857, 0.00082,      140,        4,      136
LDP, 0.06358, 0.00404,      173,       11,      162
LDQ, 0.05556, 0.00309,      126,        7,      119
LDR, 0.05914, 0.0035 ,      186,       11,      175
LDS, 0.09901, 0.0098 ,      202,       20,      182
LDT, 0.05229, 0.00273,      153,        8,      145
LDV, 0.0603 , 0.00364,      199,       12,      187
LDW, 0.05882, 0.00346,       34,        2,       32
LDY, 0.0989 , 0.00978,       91,        9,       82
LD_, 0      , 0      ,        8,        0,        8
LEL, 0.05096, 0.0026 ,      157,        8,      149
LEM, 0.02703, 0.00073,       74,        2,       72
LEN, 0.05854, 0.00343,      205,       12,      193
LEP, 0.05556, 0.00309,      162,        9,      153
LEQ, 0.08247, 0.0068 ,      194,       16,      178
LER, 0.04712, 0.00222,      191,        9,      182
LES, 0.03518, 0.00124,      199,        7,      192
LET, 0.04918, 0.00242,      183,        9,      174
LEV, 0.0411 , 0.00169,      219,        9,      210
LEW, 0.06897, 0.00476,       29,        2,       27
LEY, 0.02128, 0.00045,       94,        2,       92
LE_, 0.08333, 0.00694,       24,        2,       22
LFL, 0.12308, 0.01515,       65,        8,       57
LFM, 0.09091, 0.00826,       22,        2,       20
LFN, 0.07353, 0.00541,       68,        5,       63
LFP, 0.16438, 0.02702,       73,       12,       61
LFQ, 0.07246, 0.00525,       69,        5,       64
LFR, 0.08247, 0.0068 ,       97,        8,       89
LFS, 0.05263, 0.00277,      114,        6,      108
LFT, 0.05   , 0.0025 ,       80,        4,       76
LFV, 0.09302, 0.00865,       86,        8,       78
LFW, 0      , 0      ,        7,        0,        7
LFY, 0.15873, 0.0252 ,       63,       10,       53
LF_, 0.28571, 0.08163,        7,        2,        5
LGL, 0.09091, 0.00826,      121,       11,      110
LGM, 0.07273, 0.00529,       55,        4,       51
LGN, 0.03968, 0.00157,      126,        5,      121
LGP, 0.0101 , 0.0001 ,       99,        1,       98
LGQ, 0.04124, 0.0017 ,       97,        4,       93
LGR, 0.04   , 0.0016 ,      150,        6,      144
LGS, 0.02041, 0.00042,      196,        4,      192
LGT, 0.05072, 0.00257,      138,        7,      131
LGV, 0.10938, 0.01196,      128,       14,      114
LGW, 0      , 0      ,       29,        0,       29
LGY, 0.04444, 0.00198,       90,        4,       86
LG_, 0      , 0      ,       15,        0,       15
LHL, 0.0339 , 0.00115,       59,        2,       57
LHM, 0      , 0      ,       24,        0,       24
LHN, 0.10294, 0.0106 ,       68,        7,       61
LHP, 0.06557, 0.0043 ,       61,        4,       57
LHQ, 0.05405, 0.00292,       74,        4,       70
LHR, 0.03614, 0.00131,       83,        3,       80
LHS, 0.09412, 0.00886,       85,        8,       77
LHT, 0.11111, 0.01235,       54,        6,       48
LHV, 0.05634, 0.00317,       71,        4,       67
LHW, 0.18182, 0.03306,       11,        2,        9
LHY, 0.09259, 0.00857,       54,        5,       49
LH_, 0      , 0      ,        2,        0,        2
LIL, 0.16901, 0.02857,       71,       12,       59
LIM, 0.03125, 0.00098,       32,        1,       31
LIN, 0.11224, 0.0126 ,       98,       11,       87
LIP, 0.06667, 0.00444,      105,        7,       98
LIQ, 0.07368, 0.00543,       95,        7,       88
LIR, 0.07826, 0.00612,      115,        9,      106
LIS, 0.05096, 0.0026 ,      157,        8,      149
LIT, 0.06542, 0.00428,      107,        7,      100
LIV, 0.05263, 0.00277,       95,        5,       90
LIW, 0.25   , 0.0625 ,       16,        4,       12
LIY, 0.07692, 0.00592,       52,        4,       48
LI_, 0.11111, 0.01235,        9,        1,        8
LKL, 0.05634, 0.00317,      142,        8,      134
LKM, 0.05556, 0.00309,       72,        4,       68
LKN, 0.09357, 0.00875,      171,       16,      155
LKP, 0.05426, 0.00294,      129,        7,      122
LKQ, 0.04255, 0.00181,      141,        6,      135
LKR, 0.07692, 0.00592,      182,       14,      168
LKS, 0.07115, 0.00506,      253,       18,      235
LKT, 0.03704, 0.00137,      189,        7,      182
LKV, 0.04348, 0.00189,      207,        9,      198
LKW, 0.05556, 0.00309,       54,        3,       51
LKY, 0.09615, 0.00925,      104,       10,       94
LK_, 0.04167, 0.00174,       24,        1,       23
LLL, 0.07463, 0.00557,      134,       10,      124
LLM, 0.09677, 0.00937,       62,        6,       56
LLN, 0.04545, 0.00207,      198,        9,      189
LLP, 0.05102, 0.0026 ,      196,       10,      186
LLQ, 0.08333, 0.00694,      204,       17,      187
LLR, 0.07981, 0.00637,      213,       17,      196
LLS, 0.05976, 0.00357,      251,       15,      236
LLT, 0.08743, 0.00764,      183,       16,      167
LLV, 0.10828, 0.01172,      157,       17,      140
LLW, 0.03846, 0.00148,       26,        1,       25
LLY, 0.07059, 0.00498,       85,        6,       79
LL_, 0      , 0      ,        9,        0,        9
LML, 0.11538, 0.01331,       26,        3,       23
LMM, 0.27273, 0.07438,       22,        6,       16
LMN, 0.11628, 0.01352,       43,        5,       38
LMP, 0.02703, 0.00073,       37,        1,       36
LMQ, 0.05556, 0.00309,       54,        3,       51
LMR, 0.01923, 0.00037,       52,        1,       51
LMS, 0.09333, 0.00871,       75,        7,       68
LMT, 0.10256, 0.01052,       39,        4,       35
LMV, 0.15217, 0.02316,       46,        7,       39
LMW, 0      , 0      ,        7,        0,        7
LMY, 0      , 0      ,       21,        0,       21
LM_, 0.09091, 0.00826,       11,        1,       10
LNL, 0.03704, 0.00137,      108,        4,      104
LNM, 0.06818, 0.00465,       44,        3,       41
LNN, 0.05333, 0.00284,      150,        8,      142
LNP, 0.056  , 0.00314,      125,        7,      118
LNQ, 0.06667, 0.00444,       90,        6,       84
LNR, 0.08661, 0.0075 ,      127,       11,      116
LNS, 0.09938, 0.00988,      161,       16,      145
LNT, 0.056  , 0.00314,      125,        7,      118
LNV, 0.06294, 0.00396,      143,        9,      134
LNW, 0.125  , 0.01562,       24,        3,       21
LNY, 0.03488, 0.00122,       86,        3,       83
LN_, 0      , 0      ,       12,        0,       12
LPL, 0.02083, 0.00043,       96,        2,       94
LPM, 0.04167, 0.00174,       24,        1,       23
LPN, 0.06667, 0.00444,      105,        7,       98
LPP, 0.03049, 0.00093,      164,        5,      159
LPQ, 0.02128, 0.00045,       94,        2,       92
LPR, 0.04274, 0.00183,      117,        5,      112
LPS, 0.03974, 0.00158,      151,        6,      145
LPT, 0.06299, 0.00397,      127,        8,      119
LPV, 0.0407 , 0.00166,      172,        7,      165
LPW, 0.08571, 0.00735,       35,        3,       32
LPY, 0.04348, 0.00189,       69,        3,       66
LP_, 0.09091, 0.00826,       11,        1,       10
LQL, 0.11321, 0.01282,      106,       12,       94
LQM, 0.01786, 0.00032,       56,        1,       55
LQN, 0.08403, 0.00706,      119,       10,      109
LQP, 0.04598, 0.00211,       87,        4,       83
LQQ, 0.03311, 0.0011 ,      151,        5,      146
LQR, 0.07353, 0.00541,      136,       10,      126
LQS, 0.05422, 0.00294,      166,        9,      157
LQT, 0.02727, 0.00074,      110,        3,      107
LQV, 0.06369, 0.00406,      157,       10,      147
LQW, 0.05556, 0.00309,       36,        2,       34
LQY, 0.03226, 0.00104,       93,        3,       90
LQ_, 0.16667, 0.02778,        6,        1,        5
LRL, 0.1087 , 0.01181,      138,       15,      123
LRM, 0.1    , 0.01   ,       60,        6,       54
LRN, 0.11111, 0.01235,      144,       16,      128
LRP, 0.09701, 0.00941,      134,       13,      121
LRQ, 0.07576, 0.00574,      132,       10,      122
LRR, 0.09884, 0.00977,      172,       17,      155
LRS, 0.05699, 0.00325,      193,       11,      182
LRT, 0.10744, 0.01154,      121,       13,      108
LRV, 0.0398 , 0.00158,      201,        8,      193
LRW, 0.02778, 0.00077,       36,        1,       35
LRY, 0.11404, 0.013  ,      114,       13,      101
LR_, 0      , 0      ,        9,        0,        9
LSL, 0.1194 , 0.01426,      134,       16,      118
LSM, 0.03448, 0.00119,       58,        2,       56
LSN, 0.064  , 0.0041 ,      125,        8,      117
LSP, 0.04142, 0.00172,      169,        7,      162
LSQ, 0.02439, 0.00059,      164,        4,      160
LSR, 0.02339, 0.00055,      171,        4,      167
LSS, 0.07595, 0.00577,      237,       18,      219
LST, 0.08092, 0.00655,      173,       14,      159
LSV, 0.01887, 0.00036,      159,        3,      156
LSW, 0.07895, 0.00623,       38,        3,       35
LSY, 0.06742, 0.00454,       89,        6,       83
LS_, 0.07692, 0.00592,       26,        2,       24
LTL, 0.02941, 0.00087,      102,        3,       99
LTM, 0.03636, 0.00132,       55,        2,       53
LTN, 0.06383, 0.00407,      141,        9,      132
LTP, 0      , 0      ,      171,        0,      171
LTQ, 0.03306, 0.00109,      121,        4,      117
LTR, 0.05738, 0.00329,      122,        7,      115
LTS, 0.07453, 0.00556,      161,       12,      149
LTT, 0.05634, 0.00317,      142,        8,      134
LTV, 0.06436, 0.00414,      202,       13,      189
LTW, 0.06061, 0.00367,       33,        2,       31
LTY, 0.06742, 0.00454,       89,        6,       83
LT_, 0      , 0      ,        6,        0,        6
LVL, 0.04902, 0.0024 ,      102,        5,       97
LVM, 0.07547, 0.0057 ,       53,        4,       49
LVN, 0.06542, 0.00428,      107,        7,      100
LVP, 0.02837, 0.0008 ,      141,        4,      137
LVQ, 0.05512, 0.00304,      127,        7,      120
LVR, 0.06145, 0.00378,      179,       11,      168
LVS, 0.05747, 0.0033 ,      174,       10,      164
LVT, 0.07947, 0.00632,      151,       12,      139
LVV, 0.08889, 0.0079 ,      135,       12,      123
LVW, 0.07692, 0.00592,       13,        1,       12
LVY, 0.05882, 0.00346,       51,        3,       48
LV_, 0.16667, 0.02778,        6,        1,        5
LWL, 0.11111, 0.01235,       18,        2,       16
LWM, 0      , 0      ,        9,        0,        9
LWN, 0.16667, 0.02778,       24,        4,       20
LWP, 0.125  , 0.01562,       24,        3,       21
LWQ, 0.10714, 0.01148,       28,        3,       25
LWR, 0      , 0      ,       30,        0,       30
LWS, 0.21212, 0.045  ,       33,        7,       26
LWT, 0.06897, 0.00476,       29,        2,       27
LWV, 0.21429, 0.04592,       28,        6,       22
LWW, 0.08333, 0.00694,       12,        1,       11
LWY, 0.2    , 0.04   ,       25,        5,       20
LYL, 0.15493, 0.024  ,       71,       11,       60
LYM, 0.2    , 0.04   ,       30,        6,       24
LYN, 0.09091, 0.00826,       99,        9,       90
LYP, 0.12644, 0.01599,       87,       11,       76
LYQ, 0.10145, 0.01029,       69,        7,       62
LYR, 0.15596, 0.02432,      109,       17,       92
LYS, 0.07692, 0.00592,      117,        9,      108
LYT, 0.10714, 0.01148,       84,        9,       75
LYV, 0.06742, 0.00454,       89,        6,       83
LYW, 0.10526, 0.01108,       19,        2,       17
LYY, 0.17391, 0.03025,       69,       12,       57
LY_, 0      , 0      ,        6,        0,        6
MAM, 0      , 0      ,        7,        0,        7
MAN, 0.05   , 0.0025 ,       20,        1,       19
MAP, 0.05882, 0.00346,       34,        2,       32
MAQ, 0      , 0      ,       33,        0,       33
MAR, 0      , 0      ,       35,        0,       35
MAS, 0      , 0      ,       47,        0,       47
MAT, 0.05556, 0.00309,       36,        2,       34
MAV, 0.04545, 0.00207,       44,        2,       42
MAW, 0      , 0      ,        7,        0,        7
MAY, 0.09091, 0.00826,       22,        2,       20
MA_, 0.08333, 0.00694,       12,        1,       11
MCN, 0      , 0      ,        6,        0,        6
MCP, 0      , 0      ,        6,        0,        6
MCQ, 0      , 0      ,        8,        0,        8
MCR, 0.4    , 0.16   ,        5,        2,        3
MCS, 0      , 0      ,       10,        0,       10
MCT, 0      , 0      ,        6,        0,        6
MCV, 0      , 0      ,        5,        0,        5
MC_, 0.33333, 0.11111,        3,        1,        2
MDM, 0.16667, 0.02778,        6,        1,        5
MDN, 0      , 0      ,       24,        0,       24
MDP, 0.02632, 0.00069,       38,        1,       37
MDQ, 0.025  , 0.00063,       40,        1,       39
MDR, 0.11475, 0.01317,       61,        7,       54
MDS, 0.06522, 0.00425,       46,        3,       43
MDT, 0.04878, 0.00238,       41,        2,       39
MDV, 0.025  , 0.00063,       40,        1,       39
MDW, 0.1    , 0.01   ,       10,        1,        9
MDY, 0.02941, 0.00087,       34,        1,       33
MD_, 0      , 0      ,        1,        0,        1
MEM, 0.08333, 0.00694,       12,        1,       11
MEN, 0.04651, 0.00216,       43,        2,       41
MEP, 0.08333, 0.00694,       36,        3,       33
MEQ, 0      , 0      ,       42,        0,       42
MER, 0      , 0      ,       44,        0,       44
MES, 0.05556, 0.00309,       54,        3,       51
MET, 0.05128, 0.00263,       39,        2,       37
MEV, 0.05172, 0.00268,       58,        3,       55
MEW, 0.14286, 0.02041,       14,        2,       12
MEY, 0.09091, 0.00826,       33,        3,       30
ME_, 0      , 0      ,        1,        0,        1
MFM, 0      , 0      ,        4,        0,        4
MFN, 0.14286, 0.02041,       21,        3,       18
MFP, 0.11111, 0.01235,        9,        1,        8
MFQ, 0      , 0      ,        8,        0,        8
MFR, 0.25   , 0.0625 ,       20,        5,       15
MFS, 0.08333, 0.00694,       24,        2,       22
MFT, 0.05263, 0.00277,       19,        1,       18
MFV, 0.1    , 0.01   ,       20,        2,       18
MFW, 0.16667, 0.02778,        6,        1,        5
MFY, 0.23077, 0.05325,       13,        3,       10
MF_, 0      , 0      ,        2,        0,        2
MGM, 0      , 0      ,        5,        0,        5
MGN, 0.03333, 0.00111,       30,        1,       29
MGP, 0.12245, 0.01499,       49,        6,       43
MGQ, 0.09375, 0.00879,       32,        3,       29
MGR, 0      , 0      ,       29,        0,       29
MGS, 0.02273, 0.00052,       44,        1,       43
MGT, 0.21622, 0.04675,       37,        8,       29
MGV, 0.05128, 0.00263,       39,        2,       37
MGW, 0.27273, 0.07438,       11,        3,        8
MGY, 0.09091, 0.00826,       11,        1,       10
MG_, 0      , 0      ,        5,        0,        5
MHM, 0      , 0      ,        3,        0,        3
MHN, 0      , 0      ,        7,        0,        7
MHP, 0.0625 , 0.00391,       16,        1,       15
MHQ, 0.11765, 0.01384,       17,        2,       15
MHR, 0.07143, 0.0051 ,       14,        1,       13
MHS, 0      , 0      ,       39,        0,       39
MHT, 0      , 0      ,        8,        0,        8
MHV, 0      , 0      ,       12,        0,       12
MHW, 0.42857, 0.18367,        7,        3,        4
MHY, 0      , 0      ,        7,        0,        7
MH_, 0      , 0      ,        8,        0,        8
MIM, 0      , 0      ,        5,        0,        5
MIN, 0.1    , 0.01   ,       30,        3,       27
MIP, 0.08696, 0.00756,       23,        2,       21
MIQ, 0.07692, 0.00592,       26,        2,       24
MIR, 0.12903, 0.01665,       31,        4,       27
MIS, 0.03333, 0.00111,       30,        1,       29
MIT, 0.06667, 0.00444,       30,        2,       28
MIV, 0.08333, 0.00694,       24,        2,       22
MIW, 0.16667, 0.02778,        6,        1,        5
MIY, 0.18182, 0.03306,       11,        2,        9
MKM, 0.11111, 0.01235,        9,        1,        8
MKN, 0.0303 , 0.00092,       33,        1,       32
MKP, 0.05405, 0.00292,       37,        2,       35
MKQ, 0.04762, 0.00227,       42,        2,       40
MKR, 0.05128, 0.00263,       39,        2,       37
MKS, 0.07317, 0.00535,       41,        3,       38
MKT, 0.02857, 0.00082,       35,        1,       34
MKV, 0.06383, 0.00407,       47,        3,       44
MKW, 0      , 0      ,        9,        0,        9
MKY, 0      , 0      ,       27,        0,       27
MK_, 0      , 0      ,        3,        0,        3
MLM, 0.09091, 0.00826,       11,        1,       10
MLN, 0.0625 , 0.00391,       48,        3,       45
MLP, 0.11628, 0.01352,       43,        5,       38
MLQ, 0.10638, 0.01132,       47,        5,       42
MLR, 0.025  , 0.00063,       40,        1,       39
MLS, 0.01923, 0.00037,       52,        1,       51
MLT, 0.05714, 0.00327,       35,        2,       33
MLV, 0.06667, 0.00444,       45,        3,       42
MLW, 0      , 0      ,        6,        0,        6
MLY, 0.11538, 0.01331,       26,        3,       23
ML_, 0.5    , 0.25   ,        4,        2,        2
MMM, 0      , 0      ,        1,        0,        1
MMN, 0.13043, 0.01701,       23,        3,       20
MMP, 0.2    , 0.04   ,        5,        1,        4
MMQ, 0.35294, 0.12457,       17,        6,       11
MMR, 0.05263, 0.00277,       19,        1,       18
MMS, 0.17647, 0.03114,       17,        3,       14
MMT, 0.25   , 0.0625 ,       16,        4,       12
MMV, 0.17647, 0.03114,       17,        3,       14
MMW, 0.5    , 0.25   ,        2,        1,        1
MMY, 0.22222, 0.04938,        9,        2,        7
MM_, 0      , 0      ,        1,        0,        1
MNM, 0      , 0      ,        4,        0,        4
MNN, 0.26087, 0.06805,       23,        6,       17
MNP, 0      , 0      ,       27,        0,       27
MNQ, 0      , 0      ,       23,        0,       23
MNR, 0.04   , 0.0016 ,       25,        1,       24
MNS, 0.07143, 0.0051 ,       42,        3,       39
MNT, 0.10714, 0.01148,       28,        3,       25
MNV, 0.0303 , 0.00092,       33,        1,       32
MNW, 0      , 0      ,        9,        0,        9
MNY, 0.09091, 0.00826,       11,        1,       10
MN_, 0      , 0      ,        3,        0,        3
MPM, 0.5    , 0.25   ,        6,        3,        3
MPN, 0      , 0      ,       28,        0,       28
MPP, 0.05882, 0.00346,       17,        1,       16
MPQ, 0.09091, 0.00826,       11,        1,       10
MPR, 0.07407, 0.00549,       27,        2,       25
MPS, 0.02703, 0.00073,       37,        1,       36
MPT, 0.1    , 0.01   ,       20,        2,       18
MPV, 0.05   , 0.0025 ,       40,        2,       38
MPW, 0      , 0      ,        8,        0,        8
MPY, 0      , 0      ,        6,        0,        6
MP_, 0      , 0      ,        3,        0,        3
MQM, 0.28571, 0.08163,        7,        2,        5
MQN, 0      , 0      ,       22,        0,       22
MQP, 0.03704, 0.00137,       27,        1,       26
MQQ, 0.07143, 0.0051 ,       28,        2,       26
MQR, 0.125  , 0.01562,       32,        4,       28
MQS, 0.0625 , 0.00391,       32,        2,       30
MQT, 0.10714, 0.01148,       28,        3,       25
MQV, 0.13158, 0.01731,       38,        5,       33
MQW, 0.2    , 0.04   ,        5,        1,        4
MQY, 0      , 0      ,       12,        0,       12
MQ_, 0      , 0      ,        4,        0,        4
MRM, 0      , 0      ,        7,        0,        7
MRN, 0.13333, 0.01778,       15,        2,       13
MRP, 0.05556, 0.00309,       18,        1,       17
MRQ, 0.05128, 0.00263,       39,        2,       37
MRR, 0.15789, 0.02493,       38,        6,       32
MRS, 0.03226, 0.00104,       31,        1,       30
MRT, 0.10714, 0.01148,       28,        3,       25
MRV, 0.08889, 0.0079 ,       45,        4,       41
MRW, 0      , 0      ,        6,        0,        6
MRY, 0.19048, 0.03628,       21,        4,       17
MR_, 0      , 0      ,        2,        0,        2
MSM, 0      , 0      ,        6,        0,        6
MSN, 0      , 0      ,       24,        0,       24
MSP, 0.02857, 0.00082,       35,        1,       34
MSQ, 0.04167, 0.00174,       24,        1,       23
MSR, 0.05   , 0.0025 ,       40,        2,       38
MSS, 0.09091, 0.00826,       44,        4,       40
MST, 0.15909, 0.02531,       44,        7,       37
MSV, 0.04651, 0.00216,       43,        2,       41
MSW, 0      , 0      ,        5,        0,        5
MSY, 0.15385, 0.02367,       39,        6,       33
MS_, 0.1    , 0.01   ,       10,        1,        9
MTM, 0.1    , 0.01   ,       10,        1,        9
MTN, 0      , 0      ,       25,        0,       25
MTP, 0.03846, 0.00148,       26,        1,       25
MTQ, 0.09524, 0.00907,       21,        2,       19
MTR, 0.07407, 0.00549,       27,        2,       25
MTS, 0.05263, 0.00277,       38,        2,       36
MTT, 0.0625 , 0.00391,       32,        2,       30
MTV, 0.13793, 0.01902,       29,        4,       25
MTW, 0      , 0      ,        4,        0,        4
MTY, 0.10526, 0.01108,       19,        2,       17
MT_, 0      , 0      ,        3,        0,        3
MVM, 0      , 0      ,        9,        0,        9
MVN, 0.0625 , 0.00391,       16,        1,       15
MVP, 0      , 0      ,       32,        0,       32
MVQ, 0.04762, 0.00227,       21,        1,       20
MVR, 0.05   , 0.0025 ,       20,        1,       19
MVS, 0.05405, 0.00292,       37,        2,       35
MVT, 0.08571, 0.00735,       35,        3,       32
MVV, 0      , 0      ,       29,        0,       29
MVW, 0.28571, 0.08163,        7,        2,        5
MVY, 0.1875 , 0.03516,       16,        3,       13
MV_, 0      , 0      ,        2,        0,        2
MWN, 0.42857, 0.18367,        7,        3,        4
MWP, 0.5    , 0.25   ,        4,        2,        2
MWQ, 0.375  , 0.14062,        8,        3,        5
MWR, 0      , 0      ,        6,        0,        6
MWS, 0      , 0      ,        6,        0,        6
MWT, 0      , 0      ,        6,        0,        6
MWV, 0.16667, 0.02778,        6,        1,        5
MWW, 0.33333, 0.11111,        3,        1,        2
MWY, 0.25   , 0.0625 ,        4,        1,        3
MYM, 0      , 0      ,        2,        0,        2
MYN, 0.2    , 0.04   ,       15,        3,       12
MYP, 0.15789, 0.02493,       19,        3,       16
MYQ, 0.125  , 0.01562,       16,        2,       14
MYR, 0.05556, 0.00309,       18,        1,       17
MYS, 0.14286, 0.02041,       28,        4,       24
MYT, 0.125  , 0.01562,       16,        2,       14
MYV, 0.0625 , 0.00391,       16,        1,       15
MYW, 0.4    , 0.16   ,        5,        2,        3
MYY, 0.125  , 0.01562,       16,        2,       14
NAN, 0.03704, 0.00137,       27,        1,       26
NAP, 0      , 0      ,       58,        0,       58
NAQ, 0.07547, 0.0057 ,       53,        4,       49
NAR, 0.02273, 0.00052,       44,        1,       43
NAS, 0.07778, 0.00605,       90,        7,       83
NAT, 0.04688, 0.0022 ,       64,        3,       61
NAV, 0.01724, 0.0003 ,       58,        1,       57
NAW, 0.05882, 0.00346,       17,        1,       16
NAY, 0.04545, 0.00207,       44,        2,       42
NA_, 0      , 0      ,        8,        0,        8
NCN, 0      , 0      ,        6,        0,        6
NCP, 0      , 0      ,       13,        0,       13
NCQ, 0      , 0      ,       14,        0,       14
NCR, 0      , 0      ,       25,        0,       25
NCS, 0      , 0      ,       23,        0,       23
NCT, 0.07407, 0.00549,       27,        2,       25
NCV, 0      , 0      ,       19,        0,       19
NCW, 0.14286, 0.02041,        7,        1,        6
NCY, 0.1    , 0.01   ,       20,        2,       18
NDN, 0.04167, 0.00174,       24,        1,       23
NDP, 0.06329, 0.00401,       79,        5,       74
NDQ, 0.03922, 0.00154,       51,        2,       49
NDR, 0.02632, 0.00069,       76,        2,       74
NDS, 0.01282, 0.00016,       78,        1,       77
NDT, 0.06667, 0.00444,       60,        4,       56
NDV, 0.03488, 0.00122,       86,        3,       83
NDW, 0.09091, 0.00826,       22,        2,       20
NDY, 0.12069, 0.01457,       58,        7,       51
ND_, 0      , 0      ,        5,        0,        5
NEN, 0.09677, 0.00937,       31,        3,       28
NEP, 0.04651, 0.00216,       86,        4,       82
NEQ, 0.05357, 0.00287,       56,        3,       53
NER, 0.04878, 0.00238,       82,        4,       78
NES, 0.00962, 0.00009,      104,        1,      103
NET, 0.03226, 0.00104,       93,        3,       90
NEV, 0.0339 , 0.00115,      118,        4,      114
NEW, 0.03333, 0.00111,       30,        1,       29
NEY, 0.03947, 0.00156,       76,        3,       73
NE_, 0      , 0      ,        7,        0,        7
NFN, 0      , 0      ,       27,        0,       27
NFP, 0.09091, 0.00826,       44,        4,       40
NFQ, 0.01923, 0.00037,       52,        1,       51
NFR, 0.07692, 0.00592,       52,        4,       48
NFS, 0.07143, 0.0051 ,       84,        6,       78
NFT, 0.0597 , 0.00356,       67,        4,       63
NFV, 0.11765, 0.01384,       51,        6,       45
NFW, 0.25   , 0.0625 ,       12,        3,        9
NFY, 0.13889, 0.01929,       36,        5,       31
NF_, 0.25   , 0.0625 ,        4,        1,        3
NGN, 0.02222, 0.00049,       45,        1,       44
NGP, 0.04255, 0.00181,       47,        2,       45
NGQ, 0.01587, 0.00025,       63,        1,       62
NGR, 0.01075, 0.00012,       93,        1,       92
NGS, 0.04878, 0.00238,      123,        6,      117
NGT, 0.02679, 0.00072,      112,        3,      109
NGV, 0.07477, 0.00559,      107,        8,       99
NGW, 0.08696, 0.00756,       23,        2,       21
NGY, 0.13235, 0.01752,       68,        9,       59
NG_, 0      , 0      ,        7,        0,        7
NHN, 0.26667, 0.07111,       15,        4,       11
NHP, 0.03846, 0.00148,       26,        1,       25
NHQ, 0.125  , 0.01562,       16,        2,       14
NHR, 0.18182, 0.03306,       22,        4,       18
NHS, 0.10345, 0.0107 ,       29,        3,       26
NHT, 0.03571, 0.00128,       28,        1,       27
NHV, 0.05882, 0.00346,       34,        2,       32
NHW, 0      , 0      ,        4,        0,        4
NHY, 0.04762, 0.00227,       21,        1,       20
NIN, 0.02703, 0.00073,       37,        1,       36
NIP, 0.02857, 0.00082,       70,        2,       68
NIQ, 0.04167, 0.00174,       48,        2,       46
NIR, 0.06557, 0.0043 ,       61,        4,       57
NIS, 0.09091, 0.00826,       99,        9,       90
NIT, 0.06024, 0.00363,       83,        5,       78
NIV, 0.05376, 0.00289,       93,        5,       88
NIW, 0.05882, 0.00346,       17,        1,       16
NIY, 0.10909, 0.0119 ,       55,        6,       49
NI_, 0      , 0      ,        6,        0,        6
NKN, 0.02632, 0.00069,       38,        1,       37
NKP, 0.03636, 0.00132,       55,        2,       53
NKQ, 0.01754, 0.00031,       57,        1,       56
NKR, 0.0411 , 0.00169,       73,        3,       70
NKS, 0.08974, 0.00805,       78,        7,       71
NKT, 0.07368, 0.00543,       95,        7,       88
NKV, 0.06299, 0.00397,      127,        8,      119
NKW, 0.07692, 0.00592,       13,        1,       12
NKY, 0.05556, 0.00309,       72,        4,       68
NK_, 0      , 0      ,        5,        0,        5
NLN, 0.02326, 0.00054,       43,        1,       42
NLP, 0.06452, 0.00416,       93,        6,       87
NLQ, 0.01282, 0.00016,       78,        1,       77
NLR, 0.0375 , 0.00141,       80,        3,       77
NLS, 0.1371 , 0.0188 ,      124,       17,      107
NLT, 0.04762, 0.00227,      105,        5,      100
NLV, 0.05645, 0.00319,      124,        7,      117
NLW, 0.05882, 0.00346,       17,        1,       16
NLY, 0.0274 , 0.00075,       73,        2,       71
NL_, 0      , 0      ,        6,        0,        6
NMN, 0.07692, 0.00592,       13,        1,       12
NMP, 0.2    , 0.04   ,       25,        5,       20
NMQ, 0.21429, 0.04592,       14,        3,       11
NMR, 0      , 0      ,       20,        0,       20
NMS, 0      , 0      ,       24,        0,       24
NMT, 0.08333, 0.00694,       24,        2,       22
NMV, 0.14815, 0.02195,       27,        4,       23
NMW, 0.44444, 0.19753,        9,        4,        5
NMY, 0.15385, 0.02367,       13,        2,       11
NM_, 0.08333, 0.00694,       12,        1,       11
NNN, 0.03333, 0.00111,       30,        1,       29
NNP, 0.07273, 0.00529,       55,        4,       51
NNQ, 0      , 0      ,       35,        0,       35
NNR, 0.07463, 0.00557,       67,        5,       62
NNS, 0.02439, 0.00059,       82,        2,       80
NNT, 0.01695, 0.00029,       59,        1,       58
NNV, 0.05   , 0.0025 ,       80,        4,       76
NNW, 0.1    , 0.01   ,       20,        2,       18
NNY, 0.09375, 0.00879,       64,        6,       58
NN_, 0      , 0      ,        6,        0,        6
NPN, 0.03846, 0.00148,       52,        2,       50
NPP, 0      , 0      ,       73,        0,       73
NPQ, 0.04167, 0.00174,       48,        2,       46
NPR, 0.07692, 0.00592,       39,        3,       36
NPS, 0.01087, 0.00012,       92,        1,       91
NPT, 0.02817, 0.00079,       71,        2,       69
NPV, 0.03077, 0.00095,       65,        2,       63
NPW, 0      , 0      ,       10,        0,       10
NPY, 0.04545, 0.00207,       44,        2,       42
NP_, 0      , 0      ,        3,        0,        3
NQN, 0.08696, 0.00756,       23,        2,       21
NQP, 0.03125, 0.00098,       32,        1,       31
NQQ, 0      , 0      ,       48,        0,       48
NQR, 0.04545, 0.00207,       44,        2,       42
NQS, 0.08219, 0.00676,       73,        6,       67
NQT, 0.11364, 0.01291,       44,        5,       39
NQV, 0.03226, 0.00104,       62,        2,       60
NQW, 0      , 0      ,       10,        0,       10
NQY, 0      , 0      ,       34,        0,       34
NQ_, 0      , 0      ,        2,        0,        2
NRN, 0.06667, 0.00444,       30,        2,       28
NRP, 0.05085, 0.00259,       59,        3,       56
NRQ, 0.08824, 0.00779,       34,        3,       31
NRR, 0.05357, 0.00287,       56,        3,       53
NRS, 0.19231, 0.03698,       78,       15,       63
NRT, 0.13559, 0.01839,       59,        8,       51
NRV, 0.03191, 0.00102,       94,        3,       91
NRW, 0.20833, 0.0434 ,       24,        5,       19
NRY, 0.16129, 0.02601,       62,       10,       52
NR_, 0      , 0      ,        2,        0,        2
NSN, 0.11429, 0.01306,       35,        4,       31
NSP, 0.02817, 0.00079,       71,        2,       69
NSQ, 0.03922, 0.00154,       51,        2,       49
NSR, 0      , 0      ,       72,        0,       72
NSS, 0.03846, 0.00148,      130,        5,      125
NST, 0.0411 , 0.00169,       73,        3,       70
NSV, 0.07292, 0.00532,       96,        7,       89
NSW, 0      , 0      ,       21,        0,       21
NSY, 0      , 0      ,       43,        0,       43
NS_, 0.1    , 0.01   ,       10,        1,        9
NTN, 0      , 0      ,       24,        0,       24
NTP, 0.03774, 0.00142,       53,        2,       51
NTQ, 0.025  , 0.00063,       40,        1,       39
NTR, 0      , 0      ,       42,        0,       42
NTS, 0.06329, 0.00401,       79,        5,       74
NTT, 0.12857, 0.01653,       70,        9,       61
NTV, 0.02353, 0.00055,       85,        2,       83
NTW, 0.05   , 0.0025 ,       20,        1,       19
NTY, 0.03846, 0.00148,       52,        2,       50
NT_, 0      , 0      ,        1,        0,        1
NVN, 0.09091, 0.00826,       33,        3,       30
NVP, 0.05208, 0.00271,       96,        5,       91
NVQ, 0.03509, 0.00123,       57,        2,       55
NVR, 0.05455, 0.00298,       55,        3,       52
NVS, 0.03297, 0.00109,       91,        3,       88
NVT, 0.09091, 0.00826,       88,        8,       80
NVV, 0.03093, 0.00096,       97,        3,       94
NVW, 0      , 0      ,       13,        0,       13
NVY, 0.09091, 0.00826,       44,        4,       40
NWN, 0.07143, 0.0051 ,       14,        1,       13
NWP, 0      , 0      ,       17,        0,       17
NWQ, 0      , 0      ,        7,        0,        7
NWR, 0.05263, 0.00277,       19,        1,       18
NWS, 0.08333, 0.00694,       24,        2,       22
NWT, 0.04762, 0.00227,       21,        1,       20
NWV, 0.17857, 0.03189,       28,        5,       23
NWW, 0.14286, 0.02041,        7,        1,        6
NWY, 0.5    , 0.25   ,       18,        9,        9
NYN, 0      , 0      ,       20,        0,       20
NYP, 0.07692, 0.00592,       52,        4,       48
NYQ, 0.22727, 0.05165,       44,       10,       34
NYR, 0.0339 , 0.00115,       59,        2,       57
NYS, 0.12963, 0.0168 ,       54,        7,       47
NYT, 0.10417, 0.01085,       48,        5,       43
NYV, 0.21538, 0.04639,       65,       14,       51
NYW, 0      , 0      ,       18,        0,       18
NYY, 0.26316, 0.06925,       38,       10,       28
NY_, 0      , 0      ,        2,        0,        2
PAP, 0.06061, 0.00367,       33,        2,       31
PAQ, 0.02   , 0.0004 ,       50,        1,       49
PAR, 0.07018, 0.00492,       57,        4,       53
PAS, 0.04211, 0.00177,       95,        4,       91
PAT, 0.025  , 0.00063,       80,        2,       78
PAV, 0.02273, 0.00052,       88,        2,       86
PAW, 0.06667, 0.00444,       15,        1,       14
PAY, 0.02   , 0.0004 ,       50,        1,       49
PA_, 0      , 0      ,       10,        0,       10
PCP, 0.05556, 0.00309,       18,        1,       17
PCQ, 0.08   , 0.0064 ,       25,        2,       23
PCR, 0.07692, 0.00592,       13,        1,       12
PCS, 0.03125, 0.00098,       32,        1,       31
PCT, 0.11111, 0.01235,       27,        3,       24
PCV, 0.13793, 0.01902,       29,        4,       25
PCW, 0      , 0      ,        6,        0,        6
PCY, 0      , 0      ,       11,        0,       11
PDP, 0.10526, 0.01108,       38,        4,       34
PDQ, 0.08955, 0.00802,       67,        6,       61
PDR, 0.07576, 0.00574,       66,        5,       61
PDS, 0.04673, 0.00218,      107,        5,      102
PDT, 0.01124, 0.00013,       89,        1,       88
PDV, 0.03883, 0.00151,      103,        4,       99
PDW, 0      , 0      ,       20,        0,       20
PDY, 0.05195, 0.0027 ,       77,        4,       73
PD_, 0      , 0      ,        8,        0,        8
PEP, 0.09302, 0.00865,       43,        4,       39
PEQ, 0.03571, 0.00128,       56,        2,       54
PER, 0.01266, 0.00016,       79,        1,       78
PES, 0.0495 , 0.00245,      101,        5,       96
PET, 0.04494, 0.00202,       89,        4,       85
PEV, 0.07143, 0.0051 ,      112,        8,      104
PEW, 0.18182, 0.03306,       44,        8,       36
PEY, 0.07273, 0.00529,       55,        4,       51
PE_, 0      , 0      ,       17,        0,       17
PFP, 0.11111, 0.01235,       27,        3,       24
PFQ, 0.15217, 0.02316,       46,        7,       39
PFR, 0.01724, 0.0003 ,       58,        1,       57
PFS, 0.03077, 0.00095,       65,        2,       63
PFT, 0.12121, 0.01469,       66,        8,       58
PFV, 0.15493, 0.024  ,       71,       11,       60
PFW, 0.14286, 0.02041,        7,        1,        6
PFY, 0.03333, 0.00111,       30,        1,       29
PF_, 0      , 0      ,        2,        0,        2
PGP, 0      , 0      ,       31,        0,       31
PGQ, 0.03333, 0.00111,       60,        2,       58
PGR, 0.02899, 0.00084,       69,        2,       67
PGS, 0.0229 , 0.00052,      131,        3,      128
PGT, 0.03061, 0.00094,       98,        3,       95
PGV, 0.02174, 0.00047,       92,        2,       90
PGW, 0.03226, 0.00104,       31,        1,       30
PGY, 0.02128, 0.00045,       47,        1,       46
PG_, 0      , 0      ,       25,        0,       25
PHP, 0.125  , 0.01562,       16,        2,       14
PHQ, 0.05882, 0.00346,       17,        1,       16
PHR, 0.07692, 0.00592,       26,        2,       24
PHS, 0.09091, 0.00826,       33,        3,       30
PHT, 0.075  , 0.00562,       40,        3,       37
PHV, 0.04762, 0.00227,       42,        2,       40
PHW, 0      , 0      ,        7,        0,        7
PHY, 0.07692, 0.00592,       13,        1,       12
PH_, 0      , 0      ,        3,        0,        3
PIP, 0.08511, 0.00724,       47,        4,       43
PIQ, 0.09434, 0.0089 ,       53,        5,       48
PIR, 0      , 0      ,       60,        0,       60
PIS, 0.10227, 0.01046,       88,        9,       79
PIT, 0.08451, 0.00714,       71,        6,       65
PIV, 0.02198, 0.00048,       91,        2,       89
PIW, 0      , 0      ,        9,        0,        9
PIY, 0.08571, 0.00735,       35,        3,       32
PI_, 0.125  , 0.01562,        8,        1,        7
PKP, 0      , 0      ,       30,        0,       30
PKQ, 0.02041, 0.00042,       49,        1,       48
PKR, 0.04545, 0.00207,       66,        3,       63
PKS, 0.04878, 0.00238,       82,        4,       78
PKT, 0.02703, 0.00073,       74,        2,       72
PKV, 0.05263, 0.00277,      114,        6,      108
PKW, 0      , 0      ,       26,        0,       26
PKY, 0.03846, 0.00148,       52,        2,       50
PK_, 0      , 0      ,       16,        0,       16
PLP, 0.04167, 0.00174,       96,        4,       92
PLQ, 0.04396, 0.00193,       91,        4,       87
PLR, 0.06186, 0.00383,       97,        6,       91
PLS, 0.04667, 0.00218,      150,        7,      143
PLT, 0.03788, 0.00143,      132,        5,      127
PLV, 0.05512, 0.00304,      127,        7,      120
PLW, 0      , 0      ,       32,        0,       32
PLY, 0.10938, 0.01196,       64,        7,       57
PL_, 0      , 0      ,        5,        0,        5
PMP, 0      , 0      ,       12,        0,       12
PMQ, 0.125  , 0.01562,       16,        2,       14
PMR, 0.16667, 0.02778,       24,        4,       20
PMS, 0      , 0      ,       21,        0,       21
PMT, 0.13793, 0.01902,       29,        4,       25
PMV, 0.26923, 0.07249,       26,        7,       19
PMW, 0      , 0      ,        3,        0,        3
PMY, 0      , 0      ,       16,        0,       16
PM_, 0      , 0      ,        7,        0,        7
PNP, 0      , 0      ,       30,        0,       30
PNQ, 0.07143, 0.0051 ,       42,        3,       39
PNR, 0.07273, 0.00529,       55,        4,       51
PNS, 0.04412, 0.00195,       68,        3,       65
PNT, 0.03226, 0.00104,       62,        2,       60
PNV, 0.06849, 0.00469,       73,        5,       68
PNW, 0.11111, 0.01235,       18,        2,       16
PNY, 0.09375, 0.00879,       64,        6,       58
PN_, 0      , 0      ,        4,        0,        4
PPP, 0.03448, 0.00119,       58,        2,       56
PPQ, 0.03279, 0.00107,       61,        2,       59
PPR, 0.03509, 0.00123,       57,        2,       55
PPS, 0.01266, 0.00016,       79,        1,       78
PPT, 0.04167, 0.00174,       72,        3,       69
PPV, 0      , 0      ,       78,        0,       78
PPW, 0.07692, 0.00592,       13,        1,       12
PPY, 0.125  , 0.01562,       32,        4,       28
PP_, 0      , 0      ,       13,        0,       13
PQP, 0.03226, 0.00104,       31,        1,       30
PQQ, 0.01923, 0.00037,       52,        1,       51
PQR, 0.04   , 0.0016 ,       50,        2,       48
PQS, 0.03704, 0.00137,       54,        2,       52
PQT, 0.0678 , 0.0046 ,       59,        4,       55
PQV, 0.09722, 0.00945,       72,        7,       65
PQW, 0.11111, 0.01235,        9,        1,        8
PQY, 0.13333, 0.01778,       30,        4,       26
PQ_, 0      , 0      ,        5,        0,        5
PRP, 0.06667, 0.00444,       30,        2,       28
PRQ, 0.08571, 0.00735,       35,        3,       32
PRR, 0.05   , 0.0025 ,       60,        3,       57
PRS, 0.04054, 0.00164,       74,        3,       71
PRT, 0.125  , 0.01562,       64,        8,       56
PRV, 0.11842, 0.01402,       76,        9,       67
PRW, 0      , 0      ,       13,        0,       13
PRY, 0.11538, 0.01331,       52,        6,       46
PR_, 0.07692, 0.00592,       13,        1,       12
PSP, 0.02703, 0.00073,       37,        1,       36
PSQ, 0.07937, 0.0063 ,       63,        5,       58
PSR, 0      , 0      ,       63,        0,       63
PSS, 0.056  , 0.00314,      125,        7,      118
PST, 0.03636, 0.00132,       55,        2,       53
PSV, 0.02703, 0.00073,      111,        3,      108
PSW, 0.05556, 0.00309,       18,        1,       17
PSY, 0      , 0      ,       49,        0,       49
PS_, 0      , 0      ,       17,        0,       17
PTP, 0.04444, 0.00198,       45,        2,       43
PTQ, 0.02632, 0.00069,       38,        1,       37
PTR, 0.04167, 0.00174,       48,        2,       46
PTS, 0.03704, 0.00137,       81,        3,       78
PTT, 0.01515, 0.00023,       66,        1,       65
PTV, 0.01087, 0.00012,       92,        1,       91
PTW, 0.11111, 0.01235,       27,        3,       24
PTY, 0.05172, 0.00268,       58,        3,       55
PT_, 0      , 0      ,        2,        0,        2
PVP, 0.04762, 0.00227,       42,        2,       40
PVQ, 0.10526, 0.01108,       57,        6,       51
PVR, 0.01754, 0.00031,       57,        1,       56
PVS, 0.04478, 0.002  ,      134,        6,      128
PVT, 0.03   , 0.0009 ,      100,        3,       97
PVV, 0.05102, 0.0026 ,       98,        5,       93
PVW, 0      , 0      ,       22,        0,       22
PVY, 0.09756, 0.00952,       41,        4,       37
PV_, 0      , 0      ,        3,        0,        3
PWP, 0      , 0      ,        9,        0,        9
PWQ, 0      , 0      ,       12,        0,       12
PWR, 0      , 0      ,       11,        0,       11
PWS, 0.16   , 0.0256 ,       25,        4,       21
PWT, 0.09091, 0.00826,       22,        2,       20
PWV, 0.05556, 0.00309,       18,        1,       17
PWW, 0      , 0      ,        2,        0,        2
PWY, 0.10526, 0.01108,       19,        2,       17
PYP, 0.08   , 0.0064 ,       25,        2,       23
PYQ, 0.0303 , 0.00092,       33,        1,       32
PYR, 0.02703, 0.00073,       37,        1,       36
PYS, 0.14   , 0.0196 ,       50,        7,       43
PYT, 0.15909, 0.02531,       44,        7,       37
PYV, 0.09231, 0.00852,       65,        6,       59
PYW, 0.14286, 0.02041,       14,        2,       12
PYY, 0.24242, 0.05877,       33,        8,       25
PY_, 0      , 0      ,        1,        0,        1
QAQ, 0      , 0      ,       29,        0,       29
QAR, 0.05357, 0.00287,       56,        3,       53
QAS, 0.02564, 0.00066,       78,        2,       76
QAT, 0.0625 , 0.00391,       64,        4,       60
QAV, 0.04444, 0.00198,       90,        4,       86
QAW, 0.09091, 0.00826,       11,        1,       10
QAY, 0      , 0      ,       41,        0,       41
QA_, 0      , 0      ,        8,        0,        8
QCQ, 0      , 0      ,       12,        0,       12
QCR, 0.08696, 0.00756,       23,        2,       21
QCS, 0.0625 , 0.00391,       16,        1,       15
QCT, 0.05263, 0.00277,       19,        1,       18
QCV, 0      , 0      ,       12,        0,       12
QCW, 0.25   , 0.0625 ,        4,        1,        3
QCY, 0      , 0      ,       10,        0,       10
QC_, 0      , 0      ,        2,        0,        2
QDQ, 0      , 0      ,       22,        0,       22
QDR, 0.02041, 0.00042,       49,        1,       48
QDS, 0.0566 , 0.0032 ,       53,        3,       50
QDT, 0.03175, 0.00101,       63,        2,       61
QDV, 0.10465, 0.01095,       86,        9,       77
QDW, 0.05556, 0.00309,       18,        1,       17
QDY, 0.01923, 0.00037,       52,        1,       51
QD_, 0.1    , 0.01   ,       10,        1,        9
QEQ, 0.02632, 0.00069,       38,        1,       37
QER, 0.05333, 0.00284,       75,        4,       71
QES, 0.08602, 0.0074 ,       93,        8,       85
QET, 0.01639, 0.00027,       61,        1,       60
QEV, 0.0404 , 0.00163,       99,        4,       95
QEW, 0.03333, 0.00111,       30,        1,       29
QEY, 0.02041, 0.00042,       49,        1,       48
QE_, 0      , 0      ,        9,        0,        9
QFQ, 0      , 0      ,       16,        0,       16
QFR, 0.08108, 0.00657,       37,        3,       34
QFS, 0.08511, 0.00724,       47,        4,       43
QFT, 0.07018, 0.00492,       57,        4,       53
QFV, 0.04348, 0.00189,       46,        2,       44
QFW, 0      , 0      ,        5,        0,        5
QFY, 0.11765, 0.01384,       34,        4,       30
QF_, 0      , 0      ,        3,        0,        3
QGQ, 0.02564, 0.00066,       39,        1,       38
QGR, 0.03333, 0.00111,       60,        2,       58
QGS, 0.03529, 0.00125,       85,        3,       82
QGT, 0.02817, 0.00079,       71,        2,       69
QGV, 0.06452, 0.00416,       62,        4,       58
QGW, 0.0625 , 0.00391,       16,        1,       15
QGY, 0.03448, 0.00119,       29,        1,       28
QG_, 0      , 0      ,        2,        0,        2
QHQ, 0.22222, 0.04938,        9,        2,        7
QHR, 0.07143, 0.0051 ,       28,        2,       26
QHS, 0.14286, 0.02041,       21,        3,       18
QHT, 0.13636, 0.0186 ,       22,        3,       19
QHV, 0.05556, 0.00309,       36,        2,       34
QHW, 0      , 0      ,        8,        0,        8
QHY, 0.04348, 0.00189,       23,        1,       22
QIQ, 0.04348, 0.00189,       23,        1,       22
QIR, 0.10345, 0.0107 ,       58,        6,       52
QIS, 0.04918, 0.00242,       61,        3,       58
QIT, 0.10417, 0.01085,       48,        5,       43
QIV, 0.04225, 0.00179,       71,        3,       68
QIW, 0.05556, 0.00309,       18,        1,       17
QIY, 0.04878, 0.00238,       41,        2,       39
QI_, 0      , 0      ,        1,        0,        1
QKQ, 0.04545, 0.00207,       22,        1,       21
QKR, 0.04615, 0.00213,       65,        3,       62
QKS, 0.05405, 0.00292,       74,        4,       70
QKT, 0.04762, 0.00227,       42,        2,       40
QKV, 0.00926, 0.00009,      108,        1,      107
QKW, 0.04167, 0.00174,       24,        1,       23
QKY, 0.02273, 0.00052,       44,        1,       43
QK_, 0      , 0      ,        5,        0,        5
QLQ, 0.04878, 0.00238,       41,        2,       39
QLR, 0.07447, 0.00555,       94,        7,       87
QLS, 0.05426, 0.00294,      129,        7,      122
QLT, 0.04762, 0.00227,      105,        5,      100
QLV, 0.06557, 0.0043 ,      122,        8,      114
QLW, 0.09091, 0.00826,       11,        1,       10
QLY, 0.07407, 0.00549,       54,        4,       50
QL_, 0      , 0      ,        9,        0,        9
QMQ, 0      , 0      ,        6,        0,        6
QMR, 0      , 0      ,       21,        0,       21
QMS, 0      , 0      ,       24,        0,       24
QMT, 0.04348, 0.00189,       23,        1,       22
QMV, 0.11765, 0.01384,       34,        4,       30
QMW, 0      , 0      ,        3,        0,        3
QMY, 0      , 0      ,       13,        0,       13
QM_, 0      , 0      ,       12,        0,       12
QNQ, 0.10526, 0.01108,       19,        2,       17
QNR, 0.06977, 0.00487,       43,        3,       40
QNS, 0.11321, 0.01282,       53,        6,       47
QNT, 0.11111, 0.01235,       45,        5,       40
QNV, 0.04839, 0.00234,       62,        3,       59
QNW, 0.04762, 0.00227,       21,        1,       20
QNY, 0.04444, 0.00198,       45,        2,       43
QN_, 0      , 0      ,        5,        0,        5
QPQ, 0      , 0      ,       20,        0,       20
QPR, 0.08824, 0.00779,       34,        3,       31
QPS, 0.01613, 0.00026,       62,        1,       61
QPT, 0      , 0      ,       50,        0,       50
QPV, 0.04615, 0.00213,       65,        3,       62
QPW, 0.07692, 0.00592,       13,        1,       12
QPY, 0      , 0      ,       31,        0,       31
QP_, 0.16667, 0.02778,       12,        2,       10
QQQ, 0.0303 , 0.00092,       33,        1,       32
QQR, 0.0303 , 0.00092,       66,        2,       64
QQS, 0.05172, 0.00268,       58,        3,       55
QQT, 0.01887, 0.00036,       53,        1,       52
QQV, 0.09677, 0.00937,       93,        9,       84
QQW, 0.05556, 0.00309,       18,        1,       17
QQY, 0.02326, 0.00054,       43,        1,       42
QQ_, 0      , 0      ,       10,        0,       10
QRQ, 0.13043, 0.01701,       23,        3,       20
QRR, 0.06944, 0.00482,       72,        5,       67
QRS, 0.05357, 0.00287,       56,        3,       53
QRT, 0.01562, 0.00024,       64,        1,       63
QRV, 0.08163, 0.00666,       98,        8,       90
QRW, 0      , 0      ,       17,        0,       17
QRY, 0.08696, 0.00756,       46,        4,       42
QR_, 0      , 0      ,        2,        0,        2
QSQ, 0.02941, 0.00087,       34,        1,       33
QSR, 0.01961, 0.00038,       51,        1,       50
QSS, 0.0411 , 0.00169,       73,        3,       70
QST, 0.0597 , 0.00356,       67,        4,       63
QSV, 0.07447, 0.00555,       94,        7,       87
QSW, 0      , 0      ,       19,        0,       19
QSY, 0.025  , 0.00063,       40,        1,       39
QS_, 0      , 0      ,        6,        0,        6
QTQ, 0.07692, 0.00592,       13,        1,       12
QTR, 0.07843, 0.00615,       51,        4,       47
QTS, 0.07692, 0.00592,       65,        5,       60
QTT, 0.12963, 0.0168 ,       54,        7,       47
QTV, 0.05747, 0.0033 ,       87,        5,       82
QTW, 0      , 0      ,        9,        0,        9
QTY, 0.08571, 0.00735,       35,        3,       32
QT_, 0.33333, 0.11111,        6,        2,        4
QVQ, 0.08333, 0.00694,       24,        2,       22
QVR, 0.13043, 0.01701,       46,        6,       40
QVS, 0.07937, 0.0063 ,       63,        5,       58
QVT, 0.11538, 0.01331,       78,        9,       69
QVV, 0.07216, 0.00521,       97,        7,       90
QVW, 0.25   , 0.0625 ,       16,        4,       12
QVY, 0.04   , 0.0016 ,       50,        2,       48
QV_, 0      , 0      ,       11,        0,       11
QWQ, 0.07692, 0.00592,       13,        1,       12
QWR, 0.05882, 0.00346,       17,        1,       16
QWS, 0.13333, 0.01778,       15,        2,       13
QWT, 0.35294, 0.12457,       17,        6,       11
QWV, 0.22727, 0.05165,       22,        5,       17
QWW, 0.16667, 0.02778,        6,        1,        5
QWY, 0.15385, 0.02367,       13,        2,       11
QYQ, 0.04348, 0.00189,       23,        1,       22
QYR, 0.11905, 0.01417,       42,        5,       37
QYS, 0.05882, 0.00346,       34,        2,       32
QYT, 0.06061, 0.00367,       33,        2,       31
QYV, 0.09259, 0.00857,       54,        5,       49
QYW, 0.07692, 0.00592,       13,        1,       12
QYY, 0.06667, 0.00444,       45,        3,       42
QY_, 0.5    , 0.25   ,        2,        1,        1
RAR, 0      , 0      ,       46,        0,       46
RAS, 0.0274 , 0.00075,       73,        2,       71
RAT, 0.01786, 0.00032,       56,        1,       55
RAV, 0.02198, 0.00048,       91,        2,       89
RAW, 0      , 0      ,       18,        0,       18
RAY, 0.1    , 0.01   ,       40,        4,       36
RA_, 0.1    , 0.01   ,       10,        1,        9
RCR, 0      , 0      ,        9,        0,        9
RCS, 0      , 0      ,       26,        0,       26
RCT, 0.07692, 0.00592,       13,        1,       12
RCV, 0      , 0      ,       22,        0,       22
RCW, 0.2    , 0.04   ,        5,        1,        4
RCY, 0.11765, 0.01384,       17,        2,       15
RC_, 0      , 0      ,        6,        0,        6
RDR, 0.03333, 0.00111,       30,        1,       29
RDS, 0.0625 , 0.00391,       96,        6,       90
RDT, 0.05797, 0.00336,       69,        4,       65
RDV, 0.06061, 0.00367,       99,        6,       93
RDW, 0      , 0      ,       23,        0,       23
RDY, 0.04082, 0.00167,       49,        2,       47
RD_, 0      , 0      ,        9,        0,        9
RER, 0.03448, 0.00119,       58,        2,       56
RES, 0.03158, 0.001  ,       95,        3,       92
RET, 0.0119 , 0.00014,       84,        1,       83
REV, 0.00704, 0.00005,      142,        1,      141
REW, 0.06061, 0.00367,       33,        2,       31
REY, 0.04225, 0.00179,       71,        3,       68
RE_, 0      , 0      ,        7,        0,        7
RFR, 0      , 0      ,       22,        0,       22
RFS, 0.12308, 0.01515,       65,        8,       57
RFT, 0.06   , 0.0036 ,       50,        3,       47
RFV, 0.14286, 0.02041,       56,        8,       48
RFW, 0.06667, 0.00444,       15,        1,       14
RFY, 0.11429, 0.01306,       35,        4,       31
RF_, 0      , 0      ,        6,        0,        6
RGR, 0.0625 , 0.00391,       32,        2,       30
RGS, 0.04   , 0.0016 ,      125,        5,      120
RGT, 0.06383, 0.00407,       94,        6,       88
RGV, 0.03922, 0.00154,      102,        4,       98
RGW, 0.28   , 0.0784 ,       25,        7,       18
RGY, 0.05769, 0.00333,       52,        3,       49
RG_, 0      , 0      ,        9,        0,        9
RHR, 0      , 0      ,        9,        0,        9
RHS, 0.05263, 0.00277,       38,        2,       36
RHT, 0.10714, 0.01148,       28,        3,       25
RHV, 0.10811, 0.01169,       37,        4,       33
RHW, 0      , 0      ,        6,        0,        6
RHY, 0.0625 , 0.00391,       32,        2,       30
RH_, 0      , 0      ,        4,        0,        4
RIR, 0.12903, 0.01665,       31,        4,       27
RIS, 0.1087 , 0.01181,       92,       10,       82
RIT, 0.07273, 0.00529,       55,        4,       51
RIV, 0      , 0      ,       81,        0,       81
RIW, 0      , 0      ,       12,        0,       12
RIY, 0.09091, 0.00826,       44,        4,       40
RI_, 0      , 0      ,        6,        0,        6
RKR, 0.04444, 0.00198,       45,        2,       43
RKS, 0.05814, 0.00338,       86,        5,       81
RKT, 0.03659, 0.00134,       82,        3,       79
RKV, 0.01942, 0.00038,      103,        2,      101
RKW, 0.15   , 0.0225 ,       20,        3,       17
RKY, 0.05172, 0.00268,       58,        3,       55
RK_, 0      , 0      ,        8,        0,        8
RLR, 0.05   , 0.0025 ,       60,        3,       57
RLS, 0.08511, 0.00724,      141,       12,      129
RLT, 0.06452, 0.00416,      124,        8,      116
RLV, 0.08889, 0.0079 ,      135,       12,      123
RLW, 0      , 0      ,       22,        0,       22
RLY, 0.07229, 0.00523,       83,        6,       77
RL_, 0.1    , 0.01   ,       10,        1,        9
RMR, 0.11111, 0.01235,       18,        2,       16
RMS, 0.05882, 0.00346,       34,        2,       32
RMT, 0.04545, 0.00207,       22,        1,       21
RMV, 0.10714, 0.01148,       28,        3,       25
RMW, 0.1    , 0.01   ,       10,        1,        9
RMY, 0.26667, 0.07111,       15,        4,       11
RM_, 0.2    , 0.04   ,        5,        1,        4
RNR, 0.17857, 0.03189,       28,        5,       23
RNS, 0.11475, 0.01317,       61,        7,       54
RNT, 0.12727, 0.0162 ,       55,        7,       48
RNV, 0.07595, 0.00577,       79,        6,       73
RNW, 0      , 0      ,       13,        0,       13
RNY, 0.04082, 0.00167,       49,        2,       47
RN_, 0      , 0      ,        5,        0,        5
RPR, 0.06452, 0.00416,       31,        2,       29
RPS, 0.04348, 0.00189,       69,        3,       66
RPT, 0.08065, 0.0065 ,       62,        5,       57
RPV, 0.03297, 0.00109,       91,        3,       88
RPW, 0      , 0      ,       13,        0,       13
RPY, 0.03226, 0.00104,       31,        1,       30
RP_, 0.25   , 0.0625 ,        8,        2,        6
RQR, 0      , 0      ,       18,        0,       18
RQS, 0.04167, 0.00174,       72,        3,       69
RQT, 0.05357, 0.00287,       56,        3,       53
RQV, 0.08537, 0.00729,       82,        7,       75
RQW, 0      , 0      ,       12,        0,       12
RQY, 0.09091, 0.00826,       33,        3,       30
RQ_, 0      , 0      ,       10,        0,       10
RRR, 0.06667, 0.00444,       45,        3,       42
RRS, 0.18987, 0.03605,       79,       15,       64
RRT, 0.14925, 0.02228,       67,       10,       57
RRV, 0.03   , 0.0009 ,      100,        3,       97
RRW, 0      , 0      ,       18,        0,       18
RRY, 0.12308, 0.01515,       65,        8,       57
RR_, 0      , 0      ,        8,        0,        8
RSR, 0.05556, 0.00309,       36,        2,       34
RSS, 0.01786, 0.00032,      112,        2,      110
RST, 0.03797, 0.00144,       79,        3,       76
RSV, 0.03604, 0.0013 ,      111,        4,      107
RSW, 0      , 0      ,       21,        0,       21
RSY, 0.06061, 0.00367,       66,        4,       62
RS_, 0      , 0      ,       11,        0,       11
RTR, 0.12903, 0.01665,       31,        4,       27
RTS, 0.05814, 0.00338,       86,        5,       81
RTT, 0.10526, 0.01108,       57,        6,       51
RTV, 0.08661, 0.0075 ,      127,       11,      116
RTW, 0.11111, 0.01235,       18,        2,       16
RTY, 0.09615, 0.00925,       52,        5,       47
RT_, 0.28571, 0.08163,        7,        2,        5
RVR, 0.1    , 0.01   ,       40,        4,       36
RVS, 0.03947, 0.00156,       76,        3,       73
RVT, 0.075  , 0.00562,       80,        6,       74
RVV, 0.08403, 0.00706,      119,       10,      109
RVW, 0.11111, 0.01235,       18,        2,       16
RVY, 0.04   , 0.0016 ,       50,        2,       48
RV_, 0.33333, 0.11111,        6,        2,        4
RWR, 0      , 0      ,       10,        0,       10
RWS, 0.30769, 0.09467,       26,        8,       18
RWT, 0.16667, 0.02778,       24,        4,       20
RWV, 0.06667, 0.00444,       30,        2,       28
RWW, 0.25   , 0.0625 ,        4,        1,        3
RWY, 0.09091, 0.00826,       11,        1,       10
RW_, 0      , 0      ,        1,        0,        1
RYR, 0.09677, 0.00937,       31,        3,       28
RYS, 0.08451, 0.00714,       71,        6,       65
RYT, 0.05556, 0.00309,       54,        3,       51
RYV, 0.13889, 0.01929,       72,       10,       62
RYW, 0.26667, 0.07111,       15,        4,       11
RYY, 0.09524, 0.00907,       42,        4,       38
SAS, 0.0303 , 0.00092,       66,        2,       64
SAT, 0.06316, 0.00399,       95,        6,       89
SAV, 0.02655, 0.0007 ,      113,        3,      110
SAW, 0.03704, 0.00137,       27,        1,       26
SAY, 0.04412, 0.00195,       68,        3,       65
SA_, 0      , 0      ,       12,        0,       12
SCS, 0      , 0      ,       14,        0,       14
SCT, 0.09677, 0.00937,       31,        3,       28
SCV, 0.02564, 0.00066,       39,        1,       38
SCW, 0.14286, 0.02041,        7,        1,        6
SCY, 0.13333, 0.01778,       15,        2,       13
SC_, 0      , 0      ,        2,        0,        2
SDS, 0.03226, 0.00104,       62,        2,       60
SDT, 0.04651, 0.00216,       86,        4,       82
SDV, 0.05072, 0.00257,      138,        7,      131
SDW, 0.075  , 0.00562,       40,        3,       37
SDY, 0.05556, 0.00309,       72,        4,       68
SD_, 0      , 0      ,        7,        0,        7
SES, 0.07018, 0.00492,       57,        4,       53
SET, 0.02128, 0.00045,       94,        2,       92
SEV, 0.0597 , 0.00356,      134,        8,      126
SEW, 0      , 0      ,       19,        0,       19
SEY, 0.02632, 0.00069,       76,        2,       74
SE_, 0.28571, 0.08163,        7,        2,        5
SFS, 0.09375, 0.00879,       64,        6,       58
SFT, 0.04225, 0.00179,       71,        3,       68
SFV, 0.13333, 0.01778,       90,       12,       78
SFW, 0.1    , 0.01   ,       10,        1,        9
SFY, 0.21429, 0.04592,       42,        9,       33
SGS, 0.07895, 0.00623,       76,        6,       70
SGT, 0.05882, 0.00346,      136,        8,      128
SGV, 0.04444, 0.00198,      135,        6,      129
SGW, 0.07143, 0.0051 ,       28,        2,       26
SGY, 0.05063, 0.00256,       79,        4,       75
SG_, 0.03125, 0.00098,       64,        2,       62
SHS, 0.03846, 0.00148,       26,        1,       25
SHT, 0.06522, 0.00425,       46,        3,       43
SHV, 0.10417, 0.01085,       48,        5,       43
SHW, 0.375  , 0.14062,       16,        6,       10
SHY, 0.11538, 0.01331,       26,        3,       23
SH_, 0      , 0      ,        2,        0,        2
SIS, 0.14815, 0.02195,       54,        8,       46
SIT, 0.04808, 0.00231,      104,        5,       99
SIV, 0.11494, 0.01321,       87,       10,       77
SIW, 0.04167, 0.00174,       24,        1,       23
SIY, 0.13043, 0.01701,       46,        6,       40
SI_, 0      , 0      ,        4,        0,        4
SKS, 0.09091, 0.00826,       55,        5,       50
SKT, 0.06604, 0.00436,      106,        7,       99
SKV, 0.03817, 0.00146,      131,        5,      126
SKW, 0.08   , 0.0064 ,       25,        2,       23
SKY, 0.05195, 0.0027 ,       77,        4,       73
SK_, 0      , 0      ,        4,        0,        4
SLS, 0.06364, 0.00405,      110,        7,      103
SLT, 0.07299, 0.00533,      137,       10,      127
SLV, 0.05844, 0.00342,      154,        9,      145
SLW, 0.11538, 0.01331,       26,        3,       23
SLY, 0.0102 , 0.0001 ,       98,        1,       97
SL_, 0.07692, 0.00592,       13,        1,       12
SMS, 0.15385, 0.02367,       26,        4,       22
SMT, 0.0625 , 0.00391,       32,        2,       30
SMV, 0.05405, 0.00292,       37,        2,       35
SMW, 0.125  , 0.01562,        8,        1,        7
SMY, 0.13636, 0.0186 ,       22,        3,       19
SM_, 0      , 0      ,       15,        0,       15
SNS, 0.06667, 0.00444,       30,        2,       28
SNT, 0.01639, 0.00027,       61,        1,       60
SNV, 0.07368, 0.00543,       95,        7,       88
SNW, 0.03704, 0.00137,       27,        1,       26
SNY, 0.16129, 0.02601,       62,       10,       52
SN_, 0      , 0      ,       10,        0,       10
SPS, 0.02041, 0.00042,       49,        1,       48
SPT, 0      , 0      ,       78,        0,       78
SPV, 0.05556, 0.00309,      108,        6,      102
SPW, 0.0625 , 0.00391,       16,        1,       15
SPY, 0.02985, 0.00089,       67,        2,       65
SP_, 0.14286, 0.02041,        7,        1,        6
SQS, 0.03846, 0.00148,       52,        2,       50
SQT, 0.05   , 0.0025 ,       60,        3,       57
SQV, 0.03371, 0.00114,       89,        3,       86
SQW, 0.10526, 0.01108,       19,        2,       17
SQY, 0.05455, 0.00298,       55,        3,       52
SQ_, 0      , 0      ,       10,        0,       10
SRS, 0.07407, 0.00549,       54,        4,       50
SRT, 0.05333, 0.00284,       75,        4,       71
SRV, 0.09322, 0.00869,      118,       11,      107
SRW, 0      , 0      ,       31,        0,       31
SRY, 0.05063, 0.00256,       79,        4,       75
SR_, 0      , 0      ,        8,        0,        8
SSS, 0.06593, 0.00435,       91,        6,       85
SST, 0.06107, 0.00373,      131,        8,      123
SSV, 0.08   , 0.0064 ,      175,       14,      161
SSW, 0.06667, 0.00444,       30,        2,       28
SSY, 0.13253, 0.01756,       83,       11,       72
SS_, 0.05   , 0.0025 ,       20,        1,       19
STS, 0.12281, 0.01508,       57,        7,       50
STT, 0.08791, 0.00773,       91,        8,       83
STV, 0.03053, 0.00093,      131,        4,      127
STW, 0.08696, 0.00756,       23,        2,       21
STY, 0.07143, 0.0051 ,       56,        4,       52
ST_, 0.08333, 0.00694,       12,        1,       11
SVS, 0.01818, 0.00033,       55,        1,       54
SVT, 0.08824, 0.00779,      102,        9,       93
SVV, 0.05042, 0.00254,      119,        6,      113
SVW, 0.13043, 0.01701,       23,        3,       20
SVY, 0.05882, 0.00346,       51,        3,       48
SV_, 0.07692, 0.00592,       13,        1,       12
SWS, 0.22727, 0.05165,       22,        5,       17
SWT, 0.07407, 0.00549,       27,        2,       25
SWV, 0.13793, 0.01902,       29,        4,       25
SWW, 0      , 0      ,        3,        0,        3
SWY, 0.2    , 0.04   ,       15,        3,       12
SW_, 0.5    , 0.25   ,        2,        1,        1
SYS, 0.22727, 0.05165,       44,       10,       34
SYT, 0.07059, 0.00498,       85,        6,       79
SYV, 0.10465, 0.01095,       86,        9,       77
SYW, 0.06667, 0.00444,       15,        1,       14
SYY, 0.09259, 0.00857,       54,        5,       49
SY_, 0.66667, 0.44444,        3,        2,        1
TAT, 0.05556, 0.00309,       54,        3,       51
TAV, 0.03226, 0.00104,       93,        3,       90
TAW, 0      , 0      ,       18,        0,       18
TAY, 0.14286, 0.02041,       42,        6,       36
TA_, 0.1    , 0.01   ,       10,        1,        9
TCT, 0      , 0      ,        9,        0,        9
TCV, 0.2    , 0.04   ,       20,        4,       16
TCW, 0      , 0      ,        5,        0,        5
TCY, 0.33333, 0.11111,        9,        3,        6
TDT, 0.04545, 0.00207,       44,        2,       42
TDV, 0.06122, 0.00375,       98,        6,       92
TDW, 0.14286, 0.02041,       21,        3,       18
TDY, 0.07895, 0.00623,       76,        6,       70
TD_, 0.11111, 0.01235,        9,        1,        8
TET, 0.04255, 0.00181,       47,        2,       45
TEV, 0.06667, 0.00444,      105,        7,       98
TEW, 0.15789, 0.02493,       19,        3,       16
TEY, 0.05634, 0.00317,       71,        4,       67
TE_, 0      , 0      ,        9,        0,        9
TFT, 0.07895, 0.00623,       38,        3,       35
TFV, 0.12903, 0.01665,       62,        8,       54
TFW, 0      , 0      ,        4,        0,        4
TFY, 0.08889, 0.0079 ,       45,        4,       41
TF_, 0      , 0      ,        3,        0,        3
TGT, 0.08451, 0.00714,       71,        6,       65
TGV, 0.04167, 0.00174,       96,        4,       92
TGW, 0.05882, 0.00346,       17,        1,       16
TGY, 0.05357, 0.00287,       56,        3,       53
TG_, 0      , 0      ,       10,        0,       10
THT, 0.18182, 0.03306,       11,        2,        9
THV, 0.06383, 0.00407,       47,        3,       44
THW, 0.1    , 0.01   ,       10,        1,        9
THY, 0.2    , 0.04   ,       25,        5,       20
TIT, 0.11538, 0.01331,       52,        6,       46
TIV, 0.01639, 0.00027,       61,        1,       60
TIW, 0      , 0      ,       13,        0,       13
TIY, 0.17778, 0.0316 ,       45,        8,       37
TI_, 0      , 0      ,        3,        0,        3
TKT, 0.11364, 0.01291,       44,        5,       39
TKV, 0.06452, 0.00416,      124,        8,      116
TKW, 0      , 0      ,       16,        0,       16
TKY, 0      , 0      ,       59,        0,       59
TK_, 0      , 0      ,        4,        0,        4
TLT, 0.0641 , 0.00411,       78,        5,       73
TLV, 0.04861, 0.00236,      144,        7,      137
TLW, 0.07692, 0.00592,       13,        1,       12
TLY, 0.04348, 0.00189,       69,        3,       66
TL_, 0      , 0      ,        6,        0,        6
TMT, 0.33333, 0.11111,       12,        4,        8
TMV, 0.125  , 0.01562,       24,        3,       21
TMW, 0      , 0      ,        3,        0,        3
TMY, 0.05263, 0.00277,       19,        1,       18
TM_, 0      , 0      ,        8,        0,        8
TNT, 0.05128, 0.00263,       39,        2,       37
TNV, 0.11111, 0.01235,       99,       11,       88
TNW, 0      , 0      ,        9,        0,        9
TNY, 0.01887, 0.00036,       53,        1,       52
TN_, 0      , 0      ,        4,        0,        4
TPT, 0.09756, 0.00952,       41,        4,       37
TPV, 0.03   , 0.0009 ,      100,        3,       97
TPW, 0.09524, 0.00907,       21,        2,       19
TPY, 0.06667, 0.00444,       45,        3,       42
TP_, 0      , 0      ,        9,        0,        9
TQT, 0.05405, 0.00292,       37,        2,       35
TQV, 0.07895, 0.00623,       76,        6,       70
TQW, 0.17391, 0.03025,       23,        4,       19
TQY, 0.09524, 0.00907,       42,        4,       38
TQ_, 0.125  , 0.01562,        8,        1,        7
TRT, 0.04762, 0.00227,       42,        2,       40
TRV, 0.1    , 0.01   ,      100,       10,       90
TRW, 0.14286, 0.02041,       14,        2,       12
TRY, 0.03448, 0.00119,       58,        2,       56
TR_, 0      , 0      ,        9,        0,        9
TST, 0.04348, 0.00189,       46,        2,       44
TSV, 0.05405, 0.00292,      111,        6,      105
TSW, 0.11765, 0.01384,       17,        2,       15
TSY, 0.06557, 0.0043 ,       61,        4,       57
TS_, 0      , 0      ,       11,        0,       11
TTT, 0.22034, 0.04855,       59,       13,       46
TTV, 0.03883, 0.00151,      103,        4,       99
TTW, 0.03448, 0.00119,       29,        1,       28
TTY, 0.075  , 0.00562,       40,        3,       37
TT_, 0.36364, 0.13223,       11,        4,        7
TVT, 0.04762, 0.00227,       42,        2,       40
TVV, 0.04762, 0.00227,      105,        5,      100
TVW, 0      , 0      ,       16,        0,       16
TVY, 0.06522, 0.00425,       46,        3,       43
TV_, 0      , 0      ,        9,        0,        9
TWT, 0.14286, 0.02041,       14,        2,       12
TWV, 0.14286, 0.02041,       21,        3,       18
TWW, 0.2    , 0.04   ,        5,        1,        4
TWY, 0.2    , 0.04   ,        5,        1,        4
TW_, 0      , 0      ,        1,        0,        1
TYT, 0.05714, 0.00327,       35,        2,       33
TYV, 0.12963, 0.0168 ,       54,        7,       47
TYW, 0.07692, 0.00592,       13,        1,       12
TYY, 0.15909, 0.02531,       44,        7,       37
TY_, 0      , 0      ,        3,        0,        3
VAV, 0.06349, 0.00403,       63,        4,       59
VAW, 0.04348, 0.00189,       23,        1,       22
VAY, 0.07547, 0.0057 ,       53,        4,       49
VA_, 0      , 0      ,        9,        0,        9
VCV, 0.08333, 0.00694,       12,        1,       11
VCW, 0      , 0      ,        8,        0,        8
VCY, 0.1875 , 0.03516,       16,        3,       13
VDV, 0.07692, 0.00592,       78,        6,       72
VDW, 0.10526, 0.01108,       38,        4,       34
VDY, 0.04598, 0.00211,       87,        4,       83
VD_, 0      , 0      ,        9,        0,        9
VEV, 0.05814, 0.00338,       86,        5,       81
VEW, 0      , 0      ,       28,        0,       28
VEY, 0.08403, 0.00706,      119,       10,      109
VE_, 0      , 0      ,       12,        0,       12
VFV, 0.13793, 0.01902,       29,        4,       25
VFW, 0.1    , 0.01   ,       10,        1,        9
VFY, 0.08889, 0.0079 ,       45,        4,       41
VF_, 0.16667, 0.02778,        6,        1,        5
VGV, 0.05882, 0.00346,       68,        4,       64
VGW, 0.23077, 0.05325,       13,        3,       10
VGY, 0.04615, 0.00213,       65,        3,       62
VG_, 0      , 0      ,        4,        0,        4
VHV, 0.11429, 0.01306,       35,        4,       31
VHW, 0.22222, 0.04938,        9,        2,        7
VHY, 0.0625 , 0.00391,       32,        2,       30
VH_, 0      , 0      ,        2,        0,        2
VIV, 0.02564, 0.00066,       39,        1,       38
VIW, 0.11111, 0.01235,        9,        1,        8
VIY, 0.09756, 0.00952,       41,        4,       37
VI_, 0      , 0      ,        6,        0,        6
VKV, 0.03896, 0.00152,       77,        3,       74
VKW, 0      , 0      ,       21,        0,       21
VKY, 0.0641 , 0.00411,       78,        5,       73
VK_, 0      , 0      ,       11,        0,       11
VLV, 0.06452, 0.00416,       62,        4,       58
VLW, 0.07692, 0.00592,       26,        2,       24
VLY, 0.01639, 0.00027,       61,        1,       60
VL_, 0      , 0      ,        7,        0,        7
VMV, 0.1    , 0.01   ,       30,        3,       27
VMW, 0.14286, 0.02041,        7,        1,        6
VMY, 0.22222, 0.04938,        9,        2,        7
VM_, 0.09091, 0.00826,       11,        1,       10
VNV, 0.125  , 0.01562,       56,        7,       49
VNW, 0.14286, 0.02041,       21,        3,       18
VNY, 0.03846, 0.00148,       52,        2,       50
VN_, 0.25   , 0.0625 ,        4,        1,        3
VPV, 0.06757, 0.00457,       74,        5,       69
VPW, 0      , 0      ,       12,        0,       12
VPY, 0.09091, 0.00826,       66,        6,       60
VP_, 0      , 0      ,       13,        0,       13
VQV, 0.05172, 0.00268,       58,        3,       55
VQW, 0      , 0      ,       25,        0,       25
VQY, 0      , 0      ,       42,        0,       42
VQ_, 0      , 0      ,        6,        0,        6
VRV, 0.09091, 0.00826,       66,        6,       60
VRW, 0.0625 , 0.00391,       32,        2,       30
VRY, 0.10588, 0.01121,       85,        9,       76
VR_, 0      , 0      ,        8,        0,        8
VSV, 0.04412, 0.00195,       68,        3,       65
VSW, 0.20833, 0.0434 ,       24,        5,       19
VSY, 0.05618, 0.00316,       89,        5,       84
VS_, 0      , 0      ,       14,        0,       14
VTV, 0.01087, 0.00012,       92,        1,       91
VTW, 0      , 0      ,       15,        0,       15
VTY, 0.0566 , 0.0032 ,       53,        3,       50
VT_, 0.11111, 0.01235,        9,        1,        8
VVV, 0.09091, 0.00826,       66,        6,       60
VVW, 0.05882, 0.00346,       17,        1,       16
VVY, 0.10417, 0.01085,       48,        5,       43
VV_, 0      , 0      ,        5,        0,        5
VWV, 0.33333, 0.11111,        9,        3,        6
VWW, 0      , 0      ,        4,        0,        4
VWY, 0.07692, 0.00592,       13,        1,       12
VW_, 0      , 0      ,        1,        0,        1
VYV, 0.09677, 0.00937,       31,        3,       28
VYW, 0      , 0      ,        5,        0,        5
VYY, 0.08824, 0.00779,       34,        3,       31
VY_, 0      , 0      ,        2,        0,        2
WAW, 0      , 0      ,        4,        0,        4
WAY, 0      , 0      ,        8,        0,        8
WA_, 0      , 0      ,        1,        0,        1
WC_, 0      , 0      ,        2,        0,        2
WDW, 0      , 0      ,        2,        0,        2
WDY, 0.20833, 0.0434 ,       24,        5,       19
WD_, 0      , 0      ,        2,        0,        2
WEW, 0      , 0      ,        3,        0,        3
WEY, 0.11111, 0.01235,       27,        3,       24
WE_, 0      , 0      ,        1,        0,        1
WFY, 0.25   , 0.0625 ,        8,        2,        6
WF_, 0      , 0      ,        1,        0,        1
WGW, 0      , 0      ,        1,        0,        1
WGY, 0.07692, 0.00592,       13,        1,       12
WG_, 0      , 0      ,        2,        0,        2
WHY, 0.11111, 0.01235,        9,        1,        8
WH_, 0      , 0      ,        1,        0,        1
WIW, 0      , 0      ,        1,        0,        1
WIY, 0      , 0      ,        9,        0,        9
WKW, 0      , 0      ,        3,        0,        3
WKY, 0.09091, 0.00826,       11,        1,       10
WK_, 0      , 0      ,        3,        0,        3
WLW, 0      , 0      ,        3,        0,        3
WLY, 0.07143, 0.0051 ,       14,        1,       13
WL_, 0      , 0      ,        1,        0,        1
WMW, 0      , 0      ,        1,        0,        1
WMY, 0      , 0      ,        4,        0,        4
WM_, 0      , 0      ,        1,        0,        1
WNW, 0      , 0      ,        5,        0,        5
WNY, 0.05263, 0.00277,       19,        1,       18
WN_, 0      , 0      ,        1,        0,        1
WPW, 0      , 0      ,        1,        0,        1
WPY, 0.0625 , 0.00391,       16,        1,       15
WP_, 0      , 0      ,        4,        0,        4
WQW, 1      , 1      ,        1,        1,        0
WQY, 0.14286, 0.02041,        7,        1,        6
WQ_, 0      , 0      ,        1,        0,        1
WRW, 0      , 0      ,        2,        0,        2
WRY, 0      , 0      ,       17,        0,       17
WSW, 0      , 0      ,        4,        0,        4
WSY, 0.22727, 0.05165,       22,        5,       17
WS_, 0      , 0      ,        2,        0,        2
WTW, 0      , 0      ,        4,        0,        4
WTY, 0      , 0      ,       12,        0,       12
WVY, 0.16667, 0.02778,        6,        1,        5
WV_, 0      , 0      ,        1,        0,        1
WWY, 0      , 0      ,        1,        0,        1
WYW, 0      , 0      ,        3,        0,        3
WYY, 0.09091, 0.00826,       11,        1,       10
YAY, 0.09524, 0.00907,       21,        2,       19
YA_, 0      , 0      ,        3,        0,        3
YCY, 0.33333, 0.11111,        6,        2,        4
YDY, 0.08108, 0.00657,       37,        3,       34
YD_, 0      , 0      ,        7,        0,        7
YEY, 0.08333, 0.00694,       12,        1,       11
YE_, 0      , 0      ,        4,        0,        4
YFY, 0.13333, 0.01778,       15,        2,       13
YF_, 0      , 0      ,        1,        0,        1
YGY, 0.17391, 0.03025,       23,        4,       19
YG_, 0      , 0      ,        3,        0,        3
YHY, 0.16667, 0.02778,        6,        1,        5
YH_, 0      , 0      ,        3,        0,        3
YIY, 0.08333, 0.00694,       12,        1,       11
YI_, 0      , 0      ,        5,        0,        5
YKY, 0.03333, 0.00111,       30,        1,       29
YK_, 0      , 0      ,        1,        0,        1
YLY, 0.09091, 0.00826,       22,        2,       20
YL_, 0      , 0      ,        6,        0,        6
YMY, 0.09091, 0.00826,       11,        1,       10
YM_, 0      , 0      ,        2,        0,        2
YNY, 0.08696, 0.00756,       23,        2,       21
YN_, 0      , 0      ,        5,        0,        5
YPY, 0.15385, 0.02367,       13,        2,       11
YP_, 0      , 0      ,        4,        0,        4
YQY, 0.0625 , 0.00391,       16,        1,       15
YQ_, 0      , 0      ,        1,        0,        1
YRY, 0.2    , 0.04   ,       15,        3,       12
YR_, 0      , 0      ,        1,        0,        1
YSY, 0.05   , 0.0025 ,       20,        1,       19
YS_, 0      , 0      ,        9,        0,        9
YTY, 0      , 0      ,       16,        0,       16
YT_, 0      , 0      ,        3,        0,        3
YVY, 0.26667, 0.07111,       15,        4,       11
YV_, 0      , 0      ,        3,        0,        3
YWY, 0.33333, 0.11111,        3,        1,        2
YYY, 0.04545, 0.00207,       22,        1,       21
YY_, 0      , 0      ,        1,        0,        1
