{
  "name": "ZscoreTpTransformer",
  "params": {
    "mean": 0.8139053808967303,
    "stdev": 2.441453196875805
  }
}