{
  "name": "ZscoreTpTransformer",
  "params": {
    "mean": 0.8102126963276456,
    "stdev": 2.5068500313850053
  }
}