{
  "name": "ZscoreTpTransformer",
  "params": {
    "mean": 0.7166798843385324,
    "stdev": 2.2603045017833305
  }
}