AA , RAx  , PP864  , PP864e2
ALA, 0.701, 0.04580, 0.00209764
CYS, 1.650, 0.06501, 0.0042263
ASP, 1.015, 0.05840, 0.00341056
GLU, 0.956, 0.05173, 0.002675993
PHE, 1.952, 0.10202, 0.01040808
GLY, 0.788, 0.05035, 0.002535123
HIS, 2.286, 0.09091, 0.008264628
ILE, 1.006, 0.06653, 0.004426241
LYS, 0.468, 0.05450, 0.00297025
LEU, 1.045, 0.06268, 0.003928782
MET, 1.894, 0.09022, 0.008139648
ASN, 0.811, 0.06215, 0.003862623
PRO, 0.212, 0.04298, 0.00184728
GLN, 0.669, 0.06310, 0.00398161
ARG, 0.916, 0.08170, 0.00667489
SER, 0.883, 0.05405, 0.002921403
THR, 0.730, 0.05287, 0.002795237
VAL, 0.884, 0.06079, 0.003695424
TRP, 3.084, 0.14201, 0.02016684
TYR, 1.672, 0.12141, 0.014740388