AA , RAx  , PP864  , PP864e2    , PP864e3
ALA, 0.701, 0.04580, 0.00209764 , 0.09607
CYS, 1.650, 0.06501, 0.0042263  , 0.27475
ASP, 1.015, 0.05840, 0.00341056 , 0.19918
GLU, 0.956, 0.05173, 0.002675993, 0.13843
PHE, 1.952, 0.10202, 0.01040808 , 1.06183
GLY, 0.788, 0.05035, 0.002535123, 0.12764
HIS, 2.286, 0.09091, 0.008264628, 0.75134
ILE, 1.006, 0.06653, 0.004426241, 0.29448
LYS, 0.468, 0.05450, 0.00297025 , 0.16188
LEU, 1.045, 0.06268, 0.003928782, 0.24626
MET, 1.894, 0.09022, 0.008139648, 0.73436
ASN, 0.811, 0.06215, 0.003862623, 0.24006
PRO, 0.212, 0.04298, 0.00184728 , 0.07940
GLN, 0.669, 0.06310, 0.00398161 , 0.25124
ARG, 0.916, 0.08170, 0.00667489 , 0.54534
SER, 0.883, 0.05405, 0.002921403, 0.15790
THR, 0.730, 0.05287, 0.002795237, 0.14778
VAL, 0.884, 0.06079, 0.003695424, 0.22464
TRP, 3.084, 0.14201, 0.02016684 , 2.86389
TYR, 1.672, 0.12141, 0.014740388, 1.78963