{
  "name": "ZscoreTpTransformer",
  "params": {
    "mean": 28.58762551498829,
    "stdev": 24.916895102824892
  }
}