{
  "name": "ZscoreTpTransformer",
  "params": {
    "mean": 30.767194282327107,
    "stdev": 28.002816208759967
  }
}